job_id,company,job_title,location,job_url,description,responsibilities,qualifications,salary,source,source_country,date_posted,employment_type,category,role_family
6b757c5b9ff6bf1f38618980b55e18beb,Konica Minolta,Global Client Executive,"San Francisco, CA",https://jobs.aarp.org/job/global-client-executive-san-francisco-ca-b8d39fa3f3d9200585d0f0c2dbeab662b,"Konica Minolta Business Solutions U.S.A., Inc., a global Fortune 1000 company and one of Forbes 2017 America s Best Large Employers, is transforming the way we all do business. From smart office technology and information management to cloud, mobility and IT services, we have a rich history of creating the products and services necessary to drive innovation and make work possible from anywhere at any time. Our award-winning products and solutions help companies around the world move information faster, improve quality and productivity, enhance security and facilitate the sharing of information. We are proud that our portfolio leads the industry while exceeding environmental standards. At Konica Minolta, you'll work for an amazing technology company with growth opportunities, great benefits and talented, passionate co-workers. Position Objective Our Intelligent Connected Workplace Platform helps organizations realize a more integrated, intelligent, efficient, productive and secure environment. From cloud services and security services to managed application and workflow and automation services Konica Minolta is transforming the way work gets done. Konica Minolta has been named the Leader in Print Transformation Capabilities by the IDC and recognized as a BLI Pacesetter for Outstanding Serviceability. A senior level sales position focused on penetrating, managing and growing the business within Large Enterprise and Global Accounts. This position will be responsible for understanding and communicating Konica Minolta s unique technology value proposition to Enterprise Accounts to gain interest. You will also be responsible for managing your resources to pair our best people with the clients specific needs/challenges. You will work within all levels of the direct organization. You will need to exhibit the leadership and people skills to foster a team environment that encourages our people to work closely with you to expand our Global customer footprint. Essential Job Fun",,,,aarp_us,us,2021-09-01T00:00:00-04:00,OTHER,Advertising/Public Relations,Workflow / Support Operations
dfd3c1ac0ee95b1c76679c7d25b3c8a5b,Sentry,Retirement Plan Sales Support Analyst,"Stevens Point, WI",https://jobs.aarp.org/job/retirement-plan-sales-support-analyst-stevens-point-wi-b528faa6054deb2251c3d61748636cfdb,"OVERVIEW Sentry employees have been helping individuals and businesses build and protect their future since 1904 and we are looking for you to join our team as a Retirement Plan Sales Support Analyst. In this position, you will provide technical knowledge and support during the sales of 401(k) products to achieve growth, retention and profitability among Sentry direct writer sales producers. If you have a background in investments, 401(k), and sales support, this could be a great opportunity for you! Collaboration, teamwork, and relationships are key at Sentry. To best support our associates and our culture, Sentry is happy to offer flexible work through scheduled work from home/in office days after we return to the office for this position!WHAT YOU'LL DO As a Retirement Plan Sales Support Analyst, you ll play a key role in assisting our sales producers with the sales of our 401(k) products. Along with this responsibility, you ll: Act as one of the primary contacts for our team of sales producers and management to ask questions regarding products and sales/marketing programs Assist in the sale of 401(k) and group products primarily through phone consultations and training presentations Create and analyze reports reflecting pre-sale and post-sale efforts in the field to enhance our initiatives to promote future sales and enhance our overall customer experience Provide resource information on investment options, product information, and plan design to the field on individual cases to assist in new 401(k) and group salesWHAT IT TAKES Bachelor s Degree or equivalent work experience 2+ years of related 401(k) sales or sales support experience 2+ years of investment experience Knowledge of qualified retirement plan and group benefit insurance products Familiarity with retirement plan investment principles Proficient with working in Microsoft Power Point and Excel Industry coursework such as CPFA, QPFC, QKA, ARPC, AIF, AIFA, CIMA or CFP beneficial Highly effective interper",,,,aarp_us,us,2021-09-01T00:00:00-04:00,OTHER,Advertising/Public Relations,Workflow / Support Operations
33e86ce1ebc63a55788828849bae357fb,Konica Minolta,Customer Suppt Rep,"Virginia Beach, VA",https://jobs.aarp.org/job/customer-suppt-rep-virginia-beach-va-7fb6f969c3337d2eb7e78a5f37f26b15b,"Konica Minolta Business Solutions U.S.A., Inc., a global Fortune 1000 company and one of Forbes 2017 America s Best Large Employers, is transforming the way we all do business. From smart office technology and information management to cloud, mobility and IT services, we have a rich history of creating the products and services necessary to drive innovation and make work possible from anywhere at any time. Our award-winning products and solutions help companies around the world move information faster, improve quality and productivity, enhance security and facilitate the sharing of information. We are proud that our portfolio leads the industry while exceeding environmental standards. At Konica Minolta, you'll work for an amazing technology company with growth opportunities, great benefits and talented, passionate co-workers. Position Objective Konica Minolta currently has an exciting opportunity for a Customer Support Rep! This position reports directly to the Branch Manager or Market Vice-President for weekly activities with a dotted-line relationship to the Regional Sales Development Manager. Essential Job Functions Identify and schedule the necessary resources needed to properly address customer's needs. Create customized curriculum to properly address and train each specific customer and their unique workflow needs. Conduct customer training following customized lesson plans and training curriculum on office product solutions (digital systems/software, production print systems/software). Create, present and manage all time-lines and schedules as it relates to end user training. Provide summary reports about status and completion of end-user training to Branch Manager, Sales Manager or Sales Rep. Provide Application Specialists, local technicians and NSSG with details on product limitations as discovered during customer trainings. Maintain proficiency with KMBS entire digital product line for copying, faxing scanning, network printing, driver functionality for s",,,,aarp_us,us,2021-09-01T00:00:00-04:00,OTHER,Advertising/Public Relations | Accounting/Finance,Workflow / Support Operations
ba7e825db7ee7813e015e8bb36f9f037b,Univar Solutions,Project Specialist ChemCare,"Dublin, OH",https://jobs.aarp.org/job/project-specialist-chemcare-dublin-oh-ee983db24f9bc63b155032460129b4cdb,"Want to work for a company that is reimagining distribution? Join Univar Solutions, the premier global distributor of chemicals and ingredients. Our goal is to function as a direct extension of our customers teams; to serve as an ally in their quest of business success. At Univar Solutions, we re building on our more than 90 years of experience and drawing on deep resources inventory and logistics experts, scientists, PhDs, procurement, customer service, sales and marketers to deliver consultative services and an unmatched portfolio to solve customers formulation and operational challenges. When you work for Univar Solutions, you ll play an important role in shaping how we deliver more than chemical and ingredients. Primary Purpose: Provide sales support link between Project Managers, Sales, Operations, Business Services and for the ChemCare Project Team. Responsible to Project Coordinator, and in coordination with the ChemCare Project Managers, Safety, Account Managers, & Customer Service for developing, implementing and monitoring projects, team goals and performance. Responsible for understanding the regulatory complexities and process technologies that enable ChemCare services to add value to our customers and partner TSDF s. Specific Duties and Responsibilities: Supports the development and generation of projects and ChemCare activities within the specified area by serving as a resource for completing project estimates, customer price quotations, job order records, and other necessary documents in support of the ChemCare project team goals. Provides support to the project coordinators/sales with respect to the hazardous waste industry, competition, partner capabilities, cost, & pricing. Work with and provide project support to our sales representatives through joint calls. Advise and inform contractors, project managers, account managers, and ChemCare Leadership of status and process quotes for projects. Develop and maintain contractor partner relationships and",,,,aarp_us,us,2021-09-01T00:00:00-04:00,OTHER,Advertising/Public Relations,Platform Operations
949bbbeb8f016d391a66ec7b63b39bd3b,Right at Home,Staffing Coordinator,"Pittsburgh, PA",https://jobs.aarp.org/job/staffing-coordinator-pittsburgh-pa-3d6e23f850f6f28b54fead53a7de13b8b,"Right at Home has a staffing coordinator position currently open. This position ensures that all referrals are received in an accurate, detailed manner and are properly handled. Performs various supervisory activities for scheduling appropriate caregivers to clients. Clocks caregivers in/out when operational necessary. Essential functions are to answer telephone in a professional manner, take inquiries or messages using good telephone technique. Schedules and coordinates day to day activities of caregivers. Takes detailed notes on operational changes in the system. Responds promptly and courteously to all clients' calls. Performs on-call coordinator duties as needed. Performs other general office and clerical functions assigned by the Operations Manager.",,,,aarp_us,us,2021-09-01T00:00:00-04:00,OTHER,Advertising/Public Relations,Platform Operations
11be73eca4b38f792b72b47c660fda9ab,Kibage,Care Coordinator,"Saline, MI",https://jobs.aarp.org/job/care-coordinator-saline-mi-26e5058daaed6013e678bd63274bbe6db,"Company: Kibage Job Title: Full Time Care Coordinator Compensation: $39,500 - $49,900 Per Year Benefits: $300 Sign on bonus after 30 days of employment (qualifying) Fixed Schedule - Three 12 hour shifts weekly, with an additional shift every 4th week (7am-7pm preferred) PTO for Full and Part Time employees Medical benefits (based on eligibility) Holiday pay at 1.5x Paid orientation and ongoing training New employee referral bonuses General Overview: Kibage is dedicated to helping our clients lead dignified, independent lifestyles in the comfort and safety of their own homes by providing in-home services through our Care Coordinators and Care Providers. We are seeking Care Coordinators who will function as the primary supervisor and advocate for Care Providers. The Care Coordinator will provide the highest level of client satisfaction by maintaining and improving quality of care for clients, together with serving as the primary trainer and compliance officer for Kibage. Care Coordinator Responsibilities: Trains Care Providers on clients households and ensures that the Care Providers are continuously performing to the proper level of expectation for each household Assists in the assessment and onboarding of new clients into the Kibage client base Establishes and maintains accurate care plans for clients Collaborates with the Chief Services Officer to create schedules for Care Providers Produces a structured plan for all call off s, vacations and emergencies for assigned clients households Ensures clients households are within compliance of Senior Support Net LLC s polices and are maintained as designated by the care plan Creates Care Provider development plans in conjunction with the Chief Services Officer Maintains assigned clients' inventory, meal plans and household cohesiveness Performs all the Care Provider s responsibilities, as outlined in the Care Provider s job description, as required Carries out any other duties as required by Kibage, LLC",,,,aarp_us,us,2021-09-01T00:00:00-04:00,OTHER,Advertising/Public Relations,Platform Operations
fdff84271ed76d83437e8b25490eb975b,KHOU,Marketing Strategy Professional,"Houston, TX",https://jobs.aarp.org/job/marketing-strategy-professional-houston-tx-2d9b5ac8f85fb5a6074b849d815a3167b,"Prepare multi-media marketing campaigns that generate strong business outcomes for local businesses. The marketing strategist will prepare details for mutli-media campaigns, assist with strategy and research and create marketing presentations. Responsibilities: Provide support to KHOU sales team on pre-sale activities including client research, streaming television avails, presentations, and implementation documentation. Create client-focused sales presentations in Power Point. Manage pre-sales process for Premion campaigns, Tegna's OTT solution. Regular review of audience delivery using Nielsen ratings and digital fulfillment metrics; use audience delivery information to document best practices and campaign effectiveness. Coordinate with Account Managers to set up new customer accounts, contracts, and revisions. Attend sales meetings and training to obtain sales, product, and process information. Keep abreast of company products and services for use in client recommendations. (Broadcast, OTT, Audience targeted display and video) Able to make decisions and solve problems independently to support the KHOU sales team. Effectively manage and organize campaign details for multiple team members and accounts. Specifically, using Sales Force and Microsoft Excel. Cross-train with the Account Manager and Digital Account Manager position to gain a comprehensive understanding of the KHOU sales operation. Performance Tracking: Incremental new appointments and presentations for KHOU sales team. Increased new business development revenue. Regularly develops customer focused presentations. Pre-sale preparation is regularly completed in an efficient and timely manner. Leading indicators: Increase in number of appointments for sales team. Increase in number of pre-sale requests from sales team. Strong closing ratios on presentations created. Requirements: Bachelor's degree, preferably with a focus in business or marketing. Internship or part-time work experience in marketing or adve",,,,aarp_us,us,2021-09-01T00:00:00-04:00,OTHER,Advertising/Public Relations,Analytics / Business Operations
88f666e7f295b98b6cd6805c35bad67cb,Chubb,L&amp;D Specialist,"Chicago, IL",https://jobs.aarp.org/job/l-d-specialist-chicago-il-31aa7a0bbe833a2be186facb7fd6564fb,"Chubb Global Risk Advisors (CGRA) is your single avenue to our more than 550 property and casualty engineering, health, safety and environmental consultants located wherever our clients do business all focused on helping our clients develop and deploy solutions that advance their risk management, compliance and sustainability objectives, while positively impacting their financial results. KEY OBJECTIVES: Chubb Global Risk Advisors is seeking a Learning and Development Specialist with 5+ years of experience with demonstrated, increasing responsibilities. The candidate will need a solid history of providing online training development. This includes taking a training concept from an idea, through scripting, to a fully deliverable training program while applying current media technology. Applications will include both computer on-line training and/or classroom environments. Ability to interact with our technical experts to translate their knowledge into professional learning courses is a must. A key responsibility will include hands-on development of training modules on wide-ranging topics to support both client demand and building an internal online learning catalog. The Learning and Development Specialist will need to conduct research, collect and analyze data, to support training development. This position provides a full range of training development services within a consulting business. The Learning and Development Specialist will apply their skills to help develop targeted training materials to help customers control or eliminate workplace risk exposures. This job is best suited for detail-oriented and self-motivated individuals. DUTIES AND RESPONSIBILITIES: Work with internal staff and external clients to develop training modules for online or classroom delivery. Utilize video and software applications and possess program knowledge in computer-based programs and internal systems to find innovative, cost-effective solutions to customer training needs. Maintains ",,,,aarp_us,us,2021-09-01T00:00:00-04:00,OTHER,Advertising/Public Relations,Platform Operations
49e6ccdcc160aefaddff92c42fb4940cb,PDS Tech,Project Coordinator II,"Austin, TX",https://jobs.aarp.org/job/project-coordinator-ii-austin-tx-15b1c6fd71a9544415f0f3b3b5a2e0e2b,"PDS Tech, Inc. is seeking a Project Coordinator in Austin, TX.Job Summary: The Project Specialist reports to the US Channel Sales Programs Manager. The Project Specialist will support the Fixture deployment team specifically with deployment punch-list items and document management. The fixture deployment process relies heavily on the exchange, markup and follow-up with multiple partners of many different documents. These documents(design brief, store planning proposal, initial design kit, site survey and final design kit) are uploaded and downloaded within our proprietary workflow management system, Store Front Operations (SFO) and with our retailer and/or carrier partner's FTP sites, our manufacturers' FTP sites and our installers' FTP sites. In addition, each step within the process needs to be tracked to ensure corporate SLAs are met. Additional duties including supporting New Product Introduction (NPI) activities and pulling ad-hoc in-store technology reports. Description: Maintain internal database by ensuring correct information is entered into the systemAccurately enter information for various channel sales programsReconcile information from internal database by comparing data from email and spreadsheetsReport any data discrepanciesObtain documents for cross-functional teams, vendors and accountsUpload / download documents from / to internal and external systemsTrack project activities and report when deadlines are missedFollow up with vendors on punch-list items post fixture installationSupport shipment tracking for deployments and NPIsProvide first line support for help email boxesSpecial projects supporting NPI activities or the Quality team on an as needed basis2D, 3D Demo Unit Tracking (NPI)Vendor PO management and trackingVendor schedulingUAT for WW systems such as StoreBuilder (workflow for fixture and merchandising solution deployments)StoreBuilder data migrationManage fixture demand planning spreadsheets and processPOS Landscape verification for iPad",,,,aarp_us,us,2021-09-01T00:00:00-04:00,OTHER,Advertising/Public Relations,Workflow / Support Operations
1e941855c51e5b7b3e6a086f28b8cfa3b,Nation Pizza And Foods,Mix Blend Operator,"Schaumburg, IL",https://jobs.aarp.org/job/mix-blend-operator-schaumburg-il-5eb3d0b22a4afe11bc809d1099e0a0b5b,"Essential Duties and Responsibilities: Sets up dispensers prior to production and immediately notifies Maintenance when deficiencies appear. Monitors Applicator settings and ensures that product has the proper appearance and weight. Ensures that the final product has the right quality attributes. Recommends changes to the Lead or the Supervisor. Ensures that all necessary equipment is ready and available for any change over or start-up a day in advance. Reports any deviancies from product specifications immediately to the Lead or the Supervisor. Cleans and stores equipment after use. Accurately completes all respective paperwork. Assists in breaks and lunches. Maintains area so that it is free of any debris and rework. Abides by Nation Pizza Products SOP s. Follows all company policies & procedures as well as the GMP s (Good Manufacturing Practices). Reports any unsafe or hazardous work conditions or safety-related issues to Management. Verifies part codes of the ingredients with the BOM and checks the condition of the ingredients and their containers prior to using. Reports any quality problems to your supervisor and line lead. Suggests ways to control labor and supply costs as well as improve processes. Ensures that all work activities are performed with attention to the highest standards for quality, safety and compliance with all appropriate legal and food safety requirements and a focus on continuous improvement. Ensures that all Standard Operating Procedures (SOP s) are followed. Follows all company policies & procedures as well as the GMP's (Good Manufacturing Practices). Maintains a high level of safety awareness for an accident-free work place. Reports any unsafe or hazardous work conditions or safety-related issues to Management. Accomplishes all tasks as appropriately assigned or requested. Education, Skills and Experience: Education: High school diploma, GED or equivalent. Skills and Experience: One to three months related experience and/or training or e",,,,aarp_us,us,2021-09-01T00:00:00-04:00,OTHER,Arts/Entertainment/Publishing,Platform Operations
fa1b2fd4cfff9fc4851ac433c52781c7b,Link2USA,Social Media Manager,"Austin, TX",https://jobs.aarp.org/job/social-media-manager-austin-tx-5104745ccc92a2cf866d284bdde94576b,"Attention social media managers! We have a client who is a well funded AI technology company poised to disrupt the ever-growing e-commerce ecosystem for years to come.They bring together the creativity, talent and technology to help e-commerce sellers get to the next level of growth in their business. They thrive on passion, pioneering and teamwork. It's the fuel that drives their innovative approach in helping businesses worldwide thrive. We are looking for a Social Media Manager to join the Brand team based in Austin, TX. In this role, you'll use your experience in social media to jump right in and help them plan and execute a multi-channel social and content strategy to rapidly grow their community and reach their target audiences. You'll have a strong influence on the team in how they generate continued interest in their brand. This position reports to the Head of Brand and requires the ability to be a self-starter, as well as the ability to collaborate closely with other cross-functional teams. Responsibilities* Grow, manage, and monitor social media channels (Facebook, Instagram, Twitter, etc.).* Create a long-term strategic social media content plan to build the brand* Manage and oversee content creation (images, video and written).* Collaborate with internal partners (Marketing, Product Team, etc.) to identify and highlight initiatives, events, and product announcements.* Update social media platforms appropriately (profile and/or cover images, draft and edit the page description, delete older irrelevant posts, etc.). * Manage social media presence and day-to-day online activities.* Regularly monitor social media channels for comments, messages, or other interactions and respond accordingly.* Develop and expand community and/or influencer outreach efforts.* Develop promotions, competitions, and community connections via social media. * Develop briefs and design social campaigns.* Analyze key social media metrics and adapt the strategies as needed to achieve ",,,,aarp_us,us,2021-09-01T00:00:00-04:00,OTHER,Arts/Entertainment/Publishing,Analytics / Business Operations
646681ec57275aa353ca6d426e41ebccb,Newchip Accelerator,Social Media Strategist,"Austin, TX",https://jobs.aarp.org/job/social-media-strategist-austin-tx-61417cfeb1478ae6e0b4efad002392fab,"We are looking for a qualified Social media strategist to join our team. You will develop and implement a comprehensive social media strategy to increase our web traffic and our brand awareness. As a Social media strategist, you should have excellent multitasking skills to handle all of our social media accounts in a cohesive way. If you have a creative way of thinking and of presenting our brand through multiple social media channels, we would like to make you part of our team. Ultimately, you should be able to ensure our company web presence is aligned with our marketing strategies.ResponsibilitiesDesign social media strategies to achieve marketing targetsManage, create and publish original, high quality contentAdminister all company social media accounts ensuring up-to-date contentLiaise with writers and designers to ensure content is informative and appealingCollaborate with Marketing and Product development teams to create social 'buzz' regarding new product launchesFacilitate client-company communication (respond to queries, get reviews and organize chats and Q&A sessions)Prepare weekly and monthly reports on web traffic and ROIMonitor SEO and user engagement and suggest content optimizationCommunicate with industry professionals via social media to create a strong networkTrain internal teams to integrate and maintain a cohesive social media strategyStay up-to-date with new digital technologies and social media best practicesRequirementsProven work experience as a Social media strategist or Social media managerHands on experience using social media for brand awarenessUnderstanding of SEO and web traffic metricsAn ability to identify target audience preferences and build content to meet themFamiliarity with web design and publishingExcellent multitasking skillsStrong written and verbal communication skillsBSc degree in Marketing or relevant fieldBenefitsOpportunity to make a meaningful impact in a revolutionary space working with hundreds of startupsMarket lead",,,,aarp_us,us,2021-09-01T00:00:00-04:00,OTHER,Arts/Entertainment/Publishing,Analytics / Business Operations
058f4ad3e48df2f72cfbdf66fc2c3844b,Michaels,Early Morning Stocker Michaels Arts and Crafts,"Feasterville Trevose, PA",https://jobs.aarp.org/job/early-morning-stocker-michaels-arts-and-crafts-feasterville-trevose-pa-5a1ecf2283cf42b5386ff337e6e92d6bb,"Store - PHI-FEASTERVILLE, PA.We're here for the makers! Come be a part of the team where innovation and teamwork come together to support the most exciting missions in the world!Complete truck unload and merchandise duties throughout the store. Help customers shop and find what they are looking for. Deliver friendly customer service.Major ActivitiesAdhere to Standard Operating Procedures (SOP's) and Company programs to ensure compliance to applicable laws and requirements; execute Company policies and standardsParticipate in truck un-load and stocking processes to ensure truck standards are followed and completed within budgetParticipate in the planogram process (POG's) in both SBA and seasonal to ensure they are complete timely and accuratelyParticipate in the AD set process on scheduled SundaysAdhere to visual merchandising standards to ensure delivery of our brand promise to the customerMerchandise recovery and go-backsHelp maintain seasonal sets and the feature space to our visual merchandising standards on a daily and weekly basisprovide a well merchandised and in-stock store for the customer to shopAcknowledge customers, help locate product and provide solutionsInteracts with others in an accepting and respectful manner; remains positive and respectful, even in difficult situations; promotes commitment to the organization's vision and values; projects a positive image and serves as a role model for othersSupport shrink and safety programs Perform Store In Stock Optimization (SISO) duties as assignedOperate cash register and line busting as assignedAssist with Omni channel processesEnroll customers in the Rewards programOther duties as assigned Preferred Type of experience the job requires.* Retail merchandising and customer service experience preferredWe are an Equal Opportunity Employer. Check out our EEO policy [eeoc.gov",,,,aarp_us,us,2021-09-01T00:00:00-04:00,OTHER,Arts/Entertainment/Publishing,Platform Operations
a82e43317ca5e2c64486c01065b7c747b,Gannett Co.,Neighborhoods Reporter,"Detroit, MI",https://jobs.aarp.org/job/neighborhoods-reporter-detroit-mi-b18a0839c8a46851f7cd4151686180b2b,"Gannett Co.,Inc. (NYSE: GCI) is a subscription-led and digitally focused media andmarketing solutions company committed to empowering communities to thrive. Withan unmatched reach at the national and local level, Gannett touches the livesof millions with our Pulitzer-Prize winning content, consumer experiences andbenefits, and advertiser products and services. Our current portfolio of mediaassets includes USA TODAY, local media organizations in 46 states in the US,and Newsquest, a wholly owned subsidiary operating in the United Kingdom withmore than 120 local news media brands. Gannett also owns the digital marketingservices companies ReachLocal, Inc., UpCurve, Inc., and WordStream, Inc., whichare marketed under the LOCALiQ brand, and runs the largest media-owned eventsbusiness in the US, USA TODAY NETWORK Ventures. To connect with us, visit www.gannett.com. Detroit Neighborhoods ReporterThe Detroit Free Press is looking for hard-charging reporter with social media savvy and an ability to meet people where they are in the neighborhoods and tell their stories with detailed authority and authenticity.The ideal candidate will have the ability to write short and longer pieces on interesting people and places in and around the city of Detroit, occasionally filing several stories in a day, similar to a blog format.A deep knowledge of the city of Detroit, its nuances, history and residents is a huge plus and preferred. The successful candidate will be a well-organized, detail-oriented, self-starter, capable of working independently while consistently producing attention-grabbing stories across all platforms that engage and inform readers online through video and audio stories, by connecting with them through social media and through our print product.So, if you have a love for being out in the community, getting to know people and telling great stories in a great city for a high-energy newsroom, we're waiting to hear from you!*This is a full time reporting position.*Please",,,,aarp_us,us,2021-09-01T00:00:00-04:00,OTHER,Arts/Entertainment/Publishing,Analytics / Business Operations
4af5a8d0d839d8278fa0bfc7a78451f3b,TalentBridge,Technical Writer / Procedure Writer,"Charlotte, NC",https://jobs.aarp.org/job/technical-writer-procedure-writer-charlotte-nc-5f1b3ea1457e5a1a9bbd442bd6d9370fb,"Job Description FORTUNE 500 FINANCIAL SERVICES REMOTE WORK THRU COVID / WORK FROM OFFICE THEN AFTER W-2 ONLY Your Job Duties as a Technical Writer / Procedure Writer / Communication Consultant : conduct interview with SME or managers analyze audience needs to ensure process accuracy, establish an understanding of business functions and tasks design and compose materials and/or documentation related to procedures, resource guides, forms, letters etc. work with multiple line of businesses or operations documentation and web content is usually new, changeable or intertwined edit materials authored by others analyze, recommend, document business procedures and practices work with small-to-large scale assignments in fast-paced environment ensure all company procedures are in compliance to the writing style and branding standards and guidelines work with you teammates / peers, operations staff, senior management and application teams to address process / system issues, or develop and document solutions to meet customers needs and expectations build relationships with multiple business partners May manage multiple assignments related to LOB technical or business process implementation, certification efforts, and web publication.Additional Job Details as a Technical Writer/ Procedure Writer / Communication Consultant : Required Qualifications2+ years of technical documentation, publication, procedure writing, or business process writing experience and/or BS/BA degree or higher in a communication focused field such as English, communications, or journalismDesired/other Desired Qualifications Excellent verbal, written, and interpersonal communication skills Extensive knowledge and understanding of professional technical writing processes and tools Process definition and documentation experience Advanced Microsoft Office skills",,,,aarp_us,us,2021-09-01T00:00:00-04:00,OTHER,Arts/Entertainment/Publishing,Platform Operations
b2228c3e431da6c6510acd97996bdfcab,Multivista,"Construction Technician-Laser Scanning, Drone Pilot, Photography","San Francisco, CA",https://jobs.aarp.org/job/construction-technician-laser-scanning-drone-pilot-photography-san-francisco-ca-646681ec57275aa353ca6d426e41ebccb,"Construction Technician - Laser Scanning, Drone Pilot, PhotographyEast Bay/Sacramento AreaWhat We Need:We're seeking an experienced, organized team member who is ready to join a worldwide industry leader in our booming East Bay & Sacramento market as our new Construction Technician. What You Can Do:Proficiently use, and be willing to be trained on, various reality capture technologies (including digital photography, laser scanning, 3D camera, and Drones) to visually document construction progress throughout the greater Sacramento marketUnderstand how to read construction floor plansNavigate a construction jobsite safelyConsistently adhere to standard operating policies and proceduresPerform regular quality assurance checks as part of daily workflowProduce daily reports and relay information to the Operations ManagerProactively communicate with construction project personnelMaintain a professional appearance on site at all times as a representative of MultivistaAssist with the management of project schedulesConfidently use various computer formats to set up projects, manage projects, and enter data (eg, tablets, desktops, laptops, smartphones, etc.)Who You Are:You must currently reside in the San Francisco Bay Area or Greater Sacramento Area.You have at least 1 year of construction experience working in the commercial or residential building industry (or related industry experience)You can read and discern construction drawings and documentsYou can autonomously manage a schedule, are detailed oriented, and have exceptional organizational and time-management skillsYou are a self-motivated and dependable team playerYou have a valid instate driver's license, a clean driving record, reliable transportation and the ability to drive for potentially long periods of timeYou can confidently operate a computer, tablet, and smart phone to setup and manage projects, have a working knowledge of Microsoft office, and the ability to learn new software platforms quicklyYou can lift ",,,,aarp_us,us,2021-09-01T00:00:00-04:00,OTHER,Arts/Entertainment/Publishing,Platform Operations
4a8ef3fadc1ffe03ab2e7c4028cebcf6b,Illumio,Social Media Manager,"Washington, DC",https://jobs.aarp.org/job/social-media-manager-washington-dc-058f4ad3e48df2f72cfbdf66fc2c3844b,"No Agency Submissions Accepted.What We Are About:We are constantly on the lookout for creative, ambitious, and meticulous marketers. If you thrive in fast-paced marketing environments and are known for ideas, problem-solving, and multiple hat-wearing skills then Illumio is a great fit for you. Come join one of the most creative, innovative and fun marketing teams. You will be challenged to do your best work and be given the flexibility and freedom to achieve your goals. Bring your game-changing, category-building approaches to solving customers problems to the team and help us dominate.Illumio is looking for a social media professional to nurture and scale the Illumio brand globally through social media channels, while keeping a pulse on cybersecurity news/insights and engaging our growing, global community. In this newly created role, you will develop and implement creative social programs, work cross-functionally to support corporate initiatives, draft, edit, and post content, develop Illumio's voice and tone, scale and engage global audiences and monitor and analyze results.This role will report to Illumio's Director of Corporate Communications. The Communications team is lean and tenacious, and we are looking for individuals who are self-starters, ambitious, creative and ready to make a massive impact.What You Will Accomplish:Own editorial calendar, including drafting, scheduling, and posting across primary channels Own community management for LinkedIn, Twitter, and Facebook, and identify/build new channels as needed Find opportunities to engage community and build relationships Build and lead an employee advocacy program Work with executives to strengthen their voices and engagement on social media Quantitatively measure the success of the social program, and build an internal reporting system What You Will Bring:5+ years of experience in B2B social media marketing Strong understanding of and platform expertise on LinkedIn, Twitter, Facebook, and emerging tech",,,,aarp_us,us,2021-09-01T00:00:00-04:00,OTHER,Arts/Entertainment/Publishing,Analytics / Business Operations
ba7f98bad2db101c2976736b679484bbb,"Camargo, A Division of Premier Research",Senior Regulatory Writer,"Cincinnati, OH",https://jobs.aarp.org/job/senior-regulatory-writer-cincinnati-oh-a1e5f127a5872dc445d92655decdeb9cb,"Camargo Pharmaceutical Services is excited to announce that we are now seeking an experienced Senior Regulatory Writer to join our team. This position requires knowledge of the structure and purpose of a variety of regulatory submission documents; the ability to comprehend and clearly describe, in writing, scientific content across multiple therapeutic areas; and knowledge of relevant regulatory guidances for documentation of investigational drugs, medical devices, biologics, and combination products.Who You Are:You love working with people. You are collaborative, upbeat, and optimistic. Operational excellence and providing outstanding internal and external customer service are second nature to you.You have excellent comprehension of clinical/scientific literature, medical and scientific terminology, and statistical methods.You have excellent attention to details and are able to balance multiple activities in a complex environment, as well as meet critical deadlines.You are not only able to work independently, but also as part of a team.You can independently plan, write, and edit submission documents across multiple therapeutic areas in compliance with ICH, FDA, and global regulatory guidelines and requirements.Your Background:Master's degree in a medical or life science related field; advanced degree preferred - MD, Pharm.D., Ph.D.At least 5 years' medical writing experience in pharma/biotechnology, or other regulatory environment required. Demonstrated experience with CMC writing and/or gene therapy or biologics is preferred.This position is located in our Cincinnati or Durham office.Why Join Us?At Camargo, we are passionate about science and drug development. Our goal is to assist our partnering companies to fill their financial gaps, dig deeper to identify and develop viable products and provide the optimal benefits to patients. There are no boundaries to your involvement and the part that you can play in growing the company and developing new skills. Our cultur",,,,aarp_us,us,2021-09-01T00:00:00-04:00,OTHER,Arts/Entertainment/Publishing,Platform Operations
00e84a284827597d293a59b8d5eb5809b,Zoe Drocourt Sarl,Social Media Manager,"Hialeah, FL",https://jobs.aarp.org/job/social-media-manager-hialeah-fl-7f338d2b3023b7fcbe9d165382645777b,"A major Beauty brand based in Miami is looking for a Social Media Manager reporting to the Head of Digital.Key responsibilities:Providing strategic recommendationsCreating an editorial calendar for each platform (Instagram, Tik Tok, Facebook, YouTube, Twitter and Pinterest)Driving the community management with organic and paid initiativesDeveloping content including photos, videos and copywritingSupervising community engagement with relevant KPIsCreating reports: growth metrics, competitor analytics, trends & social listeningTesting creative ideas and adjusting after analyzing performance dataManaging an Influence CoordinatorDesired profile:Higher education in Commerce, Marketing or CommunicationAt least 3 years of experience in Digital Content / Social Media & Influence - ideally in the Beauty industryExcellent English levelStrong writing and oral communication skillsCreative, Proactive, Dedicated, Performance-drivenTech savvy (MS Office, Google Analytics, Tag Manager )Open to work on a flexible schedule that includes weekends and holidays to ensure reactivityAuthorization to work in the USContract: Permanent, Full timeStart date: As soon as possibleFind all our open positions on",,,,aarp_us,us,2021-09-01T00:00:00-04:00,OTHER,Arts/Entertainment/Publishing | Accounting/Finance,Analytics / Business Operations
68e11ae3f4ab7aaf8ae8e2026c459c87b,Consulting,Video Device Decom Engineer III,"Denver, CO",https://jobs.aarp.org/job/video-device-decom-engineer-iii-denver-co-50738c00d639fada387175627685a03bb,"Company DescriptionpureIntegration is looking for an Integration Engineer to assist with decommissioning video services and devices in a production systemThe ideal candidate will have a deep and comprehensive knowledge of the entire video ecosystem for both DAC and EC environments, and all of the associated components, proven success designing and integrating significant changes to production systems without causing impact to existing operations, and the ability to think critically about the challenges and solutions being proposed. Additionally, the candidate will have a expert understanding of video distribution architecture and the devices that create the systems.ResponsibilitiesDevelop plans to change the configuration of a DM6400, an EC or DAC, and the associated systems. Develop and execute plans to complete the decommissioning process of legacy video services in a production systemPerform system integration &decommissioning activities to successfully cary out changesArchitecting / rearchitecting production systemsCommunicate with engineering and operations teams to convey status of work and outcomesLocation: Denver, CO RequirementsBachelor's Degree in Computer Science or related field3-5 years experience in Video Operations or Advanced engineering rolesVideo Operations experience in a major MSO is a plusMust have prior working experience with EC controllers and the associated componentsMust be able to explain in writing and verbally how video distribution system components work togetherExpert knowledge of the DM6400Preferred SkillsExperience as a principal engineer on major projects. Additional InformationAll your information will be kept confidential according to EEO guidelines.Are you self-motivated, collaborative, and client-focused? Are you looking for a challenging and rewarding career? Then pureIntegration would love to hear from you! Your career journey starts here!pureIntegration, a systems integration company headquartered in the DC area, serves clien",,,,aarp_us,us,2021-09-01T00:00:00-04:00,OTHER,Arts/Entertainment/Publishing,Platform Operations
9cbf1d1ea2b06d9a1f140ef4faf844e6b,T-Mobile,Veterans Preferred - Senior Social Media Manager (Operations),"Bellevue, WA",https://jobs.aarp.org/job/veterans-preferred-senior-social-media-manager-operations-bellevue-wa-00e84a284827597d293a59b8d5eb5809b,"Military Veterans are Encouraged to Apply. The Senior Social Media Manager (Operations) will join a team of social media experts focused on creating operational excellence for T-Mobile's entire social media team - including processes, workflows, tools, KPI-setting, learning agendas and platform strategy. This position provides expert support on social media best practices across the team, plays an imperative role in enforcing TMUS' social channel strategy across social teams/social media platforms, and creates strong partnerships cross-functionally. This role will act as a key part of the central hub of our brand voice management to help ensure our team is setting attainable goals, achieving them on budget and reporting back.At least 18 years of age Legally authorized to work in the United StatesHigh School Diploma or GED4-7 Years: Executing social media operations and processes in an agency and/or corporate environment. 4-7 Years: Partnering extensively across brand/marketing, PR, care, exec social and other teams. 4-7 Years: Advertising, Marketing, Communications, Social Media and/or Public Relations function for a large corporation or agency. Wireless or Mobile experience or heavy knowledge of the space is a plus Education: Bachelor's Degree - Communications, Marketing, Business, PR or related field Collaborate with a team of social media managers and content publishers in a growth-oriented and collaborative environment Work closely and will need to create a strong working relationship with community, campaigns and internal advocacy Roll-out and uphold processes and daily operations that set the team up to scale and succeed Contribute to T-Mobile's social team center of excellence, including content calendaring, publishing, brand-voice and process management Ensure T-Mobile is utilizing best-in-class social media tools for analytics, sentiment and scheduling Ability to establish and meet tight deadlines, change directions when necessary, prioritize/drive many pro",,,,aarp_us,us,2021-09-01T00:00:00-04:00,OTHER,Arts/Entertainment/Publishing,Workflow / Support Operations
8d8f90352dbe865a73ac5685252a9b9db,Vangst,Social Media Coordinator,"Irvine, CA",https://jobs.aarp.org/job/social-media-coordinator-irvine-ca-890dad2e5c12fb0279313cd40312c93ab,"We are looking for a bright, motivated Social Media Coordinator with a competitive drive and passion for digital media to join our growing team. You will be responsible for creating original text and video content, managing posts and responding to followers and creating a posting schedule. You will manage our company's image in a cohesive way to achieve our marketing goals. As a Social Media Coordinator, we expect you to be up-to-date with the latest digital technologies and social media trends. You should have excellent communication skills and be able to express our company's views creatively. The ideal candidate would have a passion for and knowledge of Instagram, YouTube, TikTok, Twitter and other and digital entertainment and has experience working within the world of social media influencers. Responsibilities Develop content and posting schedule Identify and recruit creators across Instagram and other digital platforms Generate leads, qualify opportunities, develop proposals (e.g. negotiate brand integration terms, close deals across all areas on behalf of talent) Work one-on-one with partners to develop their content strategy, development plans, and share best practices for audience growth and optimization Attend relevant industry events Attend tradeshows, industry events to gather content and network with influencers Physical Requirements No description provided. Working Environment If you are interested in a full-time and long-term job, kindly submit the following: Most updated Reusme Sample portfolios for work reference links to past work 2-3 minute video introducing yourself, what makes you the best fit for the role and your experience related to the position for which you are applying Experience Expertise and interest working with digital influencers across multiple platforms: YouTube, Snapchat, TikTok, Twitch, Facebook, Instagram, etc. Proven ability to self-manage and work collaboratively with multiple departments People-oriented -- enjoys interacting ",,,,aarp_us,us,2021-09-01T00:00:00-04:00,OTHER,Arts/Entertainment/Publishing,Platform Operations
d7f202467c30a7bbff25f3046b07e35cb,HAUS,Assistant Editor,"Los Angeles, CA",https://jobs.aarp.org/job/assistant-editor-los-angeles-ca-8d8f90352dbe865a73ac5685252a9b9db,"HAUS is looking for assistant editors to join our growing team. You will be part of a team that produces video clips for one of our entertainment clients. This work includes tracking a project intake and output, title prep, title conforms, QC, monitoring obstacles throughout the post process, and maximizing efficiencies within workflows. You understand briefs and have a genuine interest in creating clips and trailers. You are detail-oriented, have a strong sense of ownership and accountability, and can manage delivery of a project from start to finish. You are resourceful, speaking up when you dont have what you need to do the job. You have experience working with a team of producers, editors and motion graphics artists and set reasonable expectations for timing. Attitude is everything, and you have a great one. Requirements You will: * Support editorial teams with A/V asset management - movement of many files for various titles to appropriate team members. * Manage directed creative editorial assignments * Assist with asset coordination * Reconform proxy edits to full-res master / final deliverables. * Support media ingest and set-up in backend pipeline. * Spot or QC check edits to ensure conformance yields accurate final assets. You have: * Minimum 2 to 3 years experience as an assistant editor in the motion picture/television industry. * Ability to manage multiple projects and deadlines. * Strong knowledge of Adobe Creative Suite (Premiere Pro, After Effects, AME, Photoshop). * Strong knowledge of post-production workflows, asset dams and A/V file management. * Strong general knowledge of video & audio codecs and broadcast delivery specifications. * You are tech-savvy. * Strong communication and organizational skills online and in person. * Knowledge of audio programs a plus (Pro Tools, Adobe Audition). * Knowledge of AVID a plus * Junior Editor experience is a major plus. * Previous Post coordinator experience is a big bonus or an interest in learning more about",,,,aarp_us,us,2021-09-01T00:00:00-04:00,OTHER,Arts/Entertainment/Publishing,Platform Operations
4b9592910f72d8a91376e7471cafba01b,Spurs Sports and Entertainment,Incident Report Writer Part-Time,"San Antonio, TX",https://jobs.aarp.org/job/incident-report-writer-part-time-san-antonio-tx-ff89d599f0992b93bf4a712d7bf47496b,"Overview: Qualified Incident Report Writers will have the primary responsibility of responding to all incidents occurring at the AT&T Center and Toyota Field. Incidents involving guests, employees, or any other visitor will be thoroughly documented, and filled in accordance with procedures defined in the incident report writer s policies and procedures. The report writer is responsible for completing all paperwork prior to leaving the event. The report writer will gather the who, what, where, when, and how of every incident, and the personal information of the parties involved. The report writer will carry him or herself in a professional, and courteous manner always and be understanding of all persons involved. The report writer will not draw their own conclusions, but will gather the facts from those involved, and all witnesses to the incident. Report writers will also provide outstanding service to guests between incidents, and perform other duties as assigned by the Security Manager. Pay: $11.75/hr. Hours/Week: 29hrs/week In every position, each employee is expected to: demonstrate alignment with SS&E s core values and mission, collaborate with internal/external family members and demonstrate ongoing development. Responsibilities: Ensures all reports are written in compliance with AT&T Center and Toyota Field regulations, policies and procedures. Continuously roams the arena during events and understands and effectively uses the 2-way radio system to communicate with key staff, efficiently responding to incident calls. Proactively asks appropriate questions to witness and those involved to ensure a thorough and complete account of the incident is captured. Has thorough knowledge of the building including Front of House and Back of House areas. Provides proactive service to guests between calls. Qualifications: Ability to work evenings, weekends, and holidays. High School diploma or equivalent. Obtain and maintain a Level 2 Security License and Certification with",,,,aarp_us,us,2021-09-01T00:00:00-04:00,OTHER,Arts/Entertainment/Publishing,Platform Operations
fe7cc20ce43c317fcf9c3b0a249ccb74b,E2 Consulting Engineers,Technical Writer / Editor,"Richland, WA",https://jobs.aarp.org/job/technical-writer-editor-richland-wa-cec6d88ae5ff0cd086b57d5254ab5415b,"About the Organization: E2 Consulting Engineers, Inc. (E2) is a professional services firm established in 1988 specializing in a full spectrum of engineering services including, project engineering and design, federal base operations and infrastructure support services, gas pipeline construction and inspection services, environmental consulting and remediation, and information technology services. At E2, we value safety, innovation and collaboration, and we are dedicated to excellence. Overview: This work is to provide Technical Writing/Editing functions or program support services to WRPS. The individual performing the work is subject to controls, processes and procedures established by Washington River Protection Solutions (WRPS). Responsibilities: Job Duties and Responsibilities This technical writer/editor position is to support the Core Procedures organization in the development, modification and periodic review of Administrative and Technical procedure types, including support functions associated with data gathering, issue resolution, monitoring and reporting. No hands-on field work activities will be performed. This position research, writes, edits, indexes, revises and proofreads technical data for use in documents such as policies, plans, procedures and standards. Qualifications: Qualifications and Experience Bachelor s or associate degree is preferred; however, an equivalent combination of education and/or experience writing/editing technical procedures, instructions, documents or publications will be considered. Experience A minimum of 2 years of technical writing experience. Knowledgeable with electronic workflows, databases, and records management. Hanford Site Experience desired. Desired Qualifications/Skills Proficient with Microsoft products (e.g., Word, Visio, Excel and Outlook) Benefits: E2 Consulting Engineers, Inc. offers an excellent benefits package including health, dental, vision, and life insurance, 401(k) with employer match, paid time off",,,,aarp_us,us,2021-09-01T00:00:00-04:00,OTHER,Arts/Entertainment/Publishing,Platform Operations
7923a602fff6b0b9c33ba4329b822ff3b,Maximus,Social Media Specialist,"Albany, NY",https://jobs.aarp.org/job/social-media-specialist-albany-ny-af7bfd545e9ced23b991e9ec5eac68e6b,"Essential Job Duties (Text Only): Job Application Deadline: 08/19/2021 by 11:59pm The Social Media Specialist 1) provides planning and execution of digital and social media communications regarding NY State of Health s overall social media presence, 2) provides social media customer support. Our ideal candidate will be a power user of social media platforms with an understanding of how to increase the online visibility, influence, and interact with consumer target markets. Additionally, the candidate will use social media analytics tools to measure ROI of social media efforts and engagements. Duties / Responsibilities: - Develop and execute tactical plan in support of the NY State of Health strategic plan, using digital media (including website integration), Facebook, Twitter, Google+, (url removed) and other social media platforms as directed by the client, to increase visibility and enhance image of NY State of Health with consumers, businesses, key opinion leader, and news media. - Partner with and monitor internal and external agency relationships relative to the successful integrated implementation of social media strategy, platform management and administration required to manage social media accounts, communities and campaigns. - Plan and manage day-to-day online social media components that contribute to the overall communications mission and positively maintain the NY State of Health brand. - Identify and utilize appropriate analytics tools (including Google Analytics, Brandwatch, Twitter Analytics, EdgeRank Checker and/or other relevant tools) to measure communications effectiveness and make recommended adjustments. - Build relationships with online contributors that have positive influence in the Healthcare industry. - Ensure that NY State of Health remains the central source of information through close monitoring and development of proactive and reactive digital and social media communications. - Draft the departmental weekly report of social media prog",,,,aarp_us,us,2021-09-01T00:00:00-04:00,OTHER,Arts/Entertainment/Publishing,Platform Operations
b723a93ddc971c0cc60c2b12463e8b53b,The Salvation Army USA Central Territory,Media Clerk/Production Assistant,"Barrington, IL",https://jobs.aarp.org/job/media-clerk-production-assistant-barrington-il-c73f0f6cd7ff8d667bb6a8016a465d92b,"Overview: Looking for a place where Doing the Most Good is a mission! The Salvation Army has a Media Clerk/Production Assistant position available for the ideal candidate. Responsibilities: This position has responsibilities as a Media Clerk and a Production Assistant. The Media Clerk is responsible for data entry, scanning and archiving digital media assets into a computerized system using media database catalog software. This portion of the job will also be responsible for tracking online media assets of both Visual Communications and divisional media creators. The Production Assistant will include production support for all video and photo related work within the Visual Communications Section: Logging and key wording photos, videos and various graphics into a database system. Creating catalogs of media based on event/project. Creating catalogs of content stored on multiple external hard drives. Monitoring and cataloging online media content from sources such as YouTube, Vimeo and various Salvation Army websites. The items cataloged will be created by Visual Communications as well as items created and shared by divisions. Tear down and put away video, audio, and lighting equipment as needed. Assisting with media and audio productions at events. Qualifications: Education: High School diploma or equivalent preferred Experience: 1 year experience with database systems preferred. Experience with video and audio equipment a plus Benefits: The Salvation Army offer a competitive employee benefits program which includes comprehensive medical, dental, vision, hearing and prescription drug plans, disability benefits, life insurance, a generous paid time off package, an on-site fitness center and a summer flex schedule. In compliance with the ADA Amendments Act, if you have a disability and would like to request an accommodation in order to apply for this position, please call (phone number removed). The Salvation Army is an Equal Opportunity Employer M/F/D/V.",,,,aarp_us,us,2021-09-01T00:00:00-04:00,OTHER,Arts/Entertainment/Publishing,Platform Operations
452143f7d4f4f16b2e6d2250cd9751acb,Dish Network,Principal Voice Engineer,"Littleton, CO",https://jobs.aarp.org/job/principal-voice-engineer-littleton-co-edcea5d531dac99c1ec380d7edd7269db,"Department Summary: At DISH Wireless, we reimagine connectivity through new platforms, new business models and new ways of thinking. Today, we are building America s first cloud-native 5G network to transform the way we live, work and play with unlimited potential. Our teams operate at the intersection of wireless, data analytics, AI and the cloud to create something state-of-the-art, radically original and truly unlike what anyone else can. Job Duties and Responsibilities: What you will be doing DISH Wireless is seeking a Principal Voice Traffic Engineer with deep understanding of VoIP and Switched PSTN Voice Call Flows, and a full range of features and functions including long distance/toll calling, international, E911, toll-free, CALEA, etc. This person will identify and recommend network architecture, requirements and specifications for mobile voice traffic. This person will have a thorough working knowledge of voice and signaling protocols including SIP and SS7, industry standards and associated requirements. DISH intends to work with 3rd parties to provide voice services, hence this Transport Voice Interconnect Engineer will be responsible for performing detailed evaluations of service providers' capabilities and performance. This role is a key, strategic part of our business and presents an opportunity to implement and optimize the latest networking solutions. Day-to-day job responsibilities: Work with the DISH Transport Team to develop requirements and specifications to deliver reliable voice services to DISH customers over the new DISH 5G network Evaluate future traffic loads and determine interconnection changes, including establishing voice peering arrangements Ability to evaluate and manage all aspects of potential service provider relationships Establish success metrics to evaluate and manage 3rd party service providers including SLA and KPIs Implement Best Practices for VoIP and data traffic engineering, LCR and dimensioning circuits Assess system arch",,,,aarp_us,us,2021-09-01T00:00:00-04:00,OTHER,Arts/Entertainment/Publishing,Analytics / Business Operations
f63acc8a12c72623896094dde07af1fcb,Topps,Talent Licensing Manager - Collegiate Products- Sports and Entertainment,"New York, NY",https://jobs.aarp.org/job/talent-licensing-manager-collegiate-products-sports-and-entertainment-new-york-ny-70e66faf65cc2519080d652ff12660ebb,"Overview Founded in 1938, The Topps Company, Inc. is a global consumer products company that entertains and delights consumers through a diversified, engaging, multi-platform product portfolio that includes physical and digital collectibles, trading cards, trading card games, sticker and album collections, memorabilia, curated experiential events, gift cards and novelty confections. Topps Physical Sports & Entertainment products include Major League Baseball, Major League Soccer, UEFA Champions League, Bundesliga, National Hockey League, Formula 1, Star Wars, WWE, Wacky Packages, Garbage Pail Kids, Mars Attacks and more. Topps Digital Sports & Entertainment has connected with people around the world who have downloaded our apps including Topps BUNT, TOPPSKICK, Star Wars: Card Trader by Topps, Topps WWE SLAM, Topps NHL SKATE, Marvel Collect! by Topps and Disney Collect! by Topps. Topps Digital Services is a leading processor, distributor and program manager of prepaid gift cards and provider of cloud-based financial services and white label e-gift solutions for widely recognized digital businesses that include Airbnb, Deliveroo, DoorDash, Hulu, Instacart, Netflix, Nike, Twitch and Uber. Topps Confections, Bazooka Candy Brands, produces, markets and distributes confections brands including Ring Pop, Push Pop, Baby Bottle Pop, Juicy Drop, Finders Keepers, and Bazooka bubble gum. For additional information visit topps.com, play.toppsapps.com, toppsdigitalservices.com, Candymania.com Talent Licensing Manager - Collegiate Products The Talent Licensing Manager - Collegiate Products is responsible for the development of a Name, Image & Likeness (NIL) strategy and management of all partnership activities involving collegiate athletes and educational institutions including autograph agreements, agency dealings, and other strategic partnerships. The position acts as the center point between Topps internal resources (Product Development, Project Management, Legal, e-Commerce, D",,,,aarp_us,us,2021-09-01T00:00:00-04:00,OTHER,Arts/Entertainment/Publishing,Product Operations / Program
46e221346730bd7c1c51f611b8471a65b,Sell2NelsonCars,Acquisition Specialist,"Norman, OK",https://jobs.aarp.org/job/acquisition-specialist-norman-ok-cac9b67a38070eab512d08bdc193aa4cb,"Nelson Auto Group is looking for an Aquisition Specialist to join our Buying Team! For over 60 years now the Nelson family has been a part of automotive retail. As a dealership group, the Nelson family continues to see growth and loyalty among their customers and employees because of our commitment to create an unparalleled business culture and consumer experience. We are convinced that we set ourselves apart by giving every customer and every employee the treatment they deserve. No prior car experience necessary! This is a salaried position! What we offer:* Health, dental, vision * Supplemental Benefits: LT/ST Disability, Cancer, Accident, Life * 401(k) Option with company match* Gym Discounts * Free Saturday Lunches * 5 Day work week * Christmas Club savings plan * Paid Volunteer Time Off * Paid Time Off The basic job duties for this position are as follows:To perform the basic functions of an Acquisition Specialists, you must be able evaluate the condition of vehicle and determine its value. This job requires an employee to use several different computer based applications to communicate the outcomes and next tasks for each customer. Exceptional written and verbal communication is required. This job is a position that combines selling and the technical aspect of appraising a vehicle.The Acquisition Specialist is responsible for the following:* Providing a great customer experience* Building customer relationships* Exceptional communication over the phone* Scheduling of appointments when necessary* Communicating daily with other team members through text, email and phone calls* Accurately assessing a vehicle for condition and value* Assigning a value to a vehicle* Handling customer follow up for potential and existing customersQualifications* Ability to maintain hardworking, high-energy personality throughout the workday* Positive can-do mentality, eager to improve* Excellent verbal and written communication skills* Ability to thrive in a collaborative team settin",,,,aarp_us,us,2021-09-01T00:00:00-04:00,OTHER,Automotive,Workflow / Support Operations
03c12b96aad8d04d3fb78eb8253ea4ddb,ABB Group,Field Sales Engineer / Technologist Mechanical - Great Lakes,"Greenville, SC",https://jobs.aarp.org/job/field-sales-engineer-technologist-mechanical-great-lakes-greenville-sc-966b8188c17101c2677c73a73c98ec67b,"Field Sales Engineer / Technologist Mechanical - Great LakesTake your next career step at ABB with a global team that is energizing the transformation of society and industry to achieve a more productive, sustainable future.At ABB, we have the clear goal of driving diversity and inclusion across all dimensions: gender, LGBTQ+, abilities, ethnicity and generations. Together, we are embarking on a journey where each and every one of us, individually and collectively, welcomes and celebrates individual differences.You will be accountable for sales of Mechanical Power Transmission in Motion in Greenville, South Carolina, driving sales volumes and margins.Reporting to the Regional Sales Manager Southeast MOPT, you will be responsible for growing the Dodge business, maintaining important relationships with our channel partners and providing critical feedback to Sales and Product Management on all issues that affect the ability to grow Dodge market share.Your responsibilitiesWorking with marketing and other departments to prepare sales plans and bids, ensuring technical and financial accuracy.Working with the wider sales team to identify and develop new market opportunities.Using your knowledge of customers' needs and ABB's solutions to determine effective solutions for customers.Monitoring customer and market trends along with the marketing team to develop effective marketing activities.Your backgroundBasic Qualifications:Bachelor of Science Degree in Mechanical Engineering / Industrial Distribution or related field and minimum 2 years of experience working in an industrial field.Preferred Qualifications:Dodge product application knowledge with the ability to recommend suitable products to customers and to differentiate products from those of the competition.Effective communication skills with the ability to listen, understand, educate, and influence customers/potential customers regarding products.Capable of appraising commercial business situations, both internal and ex",,,,aarp_us,us,2021-09-01T00:00:00-04:00,OTHER,Automotive,Platform Operations
7758644a9e756f93a61f313dade9e538b,McGRATH CITY HYUNDAI,Service Advisor,"Chicago, IL",https://jobs.aarp.org/job/service-advisor-chicago-il-978c4a08a7d671d7dfcbdd2ff857edc4b,"6750 W Grand Ave., Chicago, IL 60707Automotive Service AdvisorEarn up to $80K! Excellent Benefits!Experience PreferredWalk in Applicants are WelcomeMcGrath City Hyundai is FAMILY-OWNED, VALUES our employees and INVESTS in their success! We need to hire EXPERIENCED Service Advisors to advise customers on service options and costs when their vehicle needs repair. Earn what you deserve with our excellent pay plan! Build and advance a REWARDING CAREER with our growing company! Apply now and join our team!We offer: Earn up to $80K!Competitive Salary + Commission & Performance Bonuses Health and Dental InsurancePaid Vacation and Holidays401(k) Investment PlanFamily-owned and operatedEmployee discounts on vehicles, service and more!Career advancement opportunitiesEssential Duties - Service Advisor:Develop extensive product knowledgeSchedule appointments for service/maintenance/recall workGreet customers, inspect their vehicle and answer questions.Advise customers on necessary/suggested services and costs.Offer additional services and products, including special promotionsFollow the status of a customer's vehicle from service bay entry through completion of workKeep customers informed of any changes that occurUpon completion of work, review work order with customerProvide a completely satisfied customer experienceQualifications - Service Advisor:Automotive Service Advisor and dealership experience is preferredAutomotive operational knowledge is requiredExcellent customer service and communication skillsGood computer skills and work ethicA positive attitude and professional appearancePleasant, energetic, conscientious, dependable, and able to multi-task in a fast-paced environment.Valid driver's licenseHigh school diploma or equivalentMust pass pre-employment background check, MVR, and drug screenWe are an equal opportunity employer and prohibit discrimination/harassment without regard to race, color, religion, age, sex, national origin, disability status, genetics, protecte",,,,aarp_us,us,2021-09-01T00:00:00-04:00,OTHER,Automotive,Workflow / Support Operations
c7c422c6a9aedc7f2dc7dcbbef5d7901b,FleetPride,Diesel Technician l,"Rockford, IL",https://jobs.aarp.org/job/diesel-technician-l-rockford-il-95aebfc6234231f9cb3e7f982384dcffb,"FleetPride is the largest after-market distributor of heavy-duty truck and trailer parts in the US with some of the best and brightest people in the business! Partner with the best in the heavy-duty industry and apply today!General Job DescriptionPerform heavy-duty truck and trailer maintenance and repairs to both company and federal regulations ( standards, guidelines ). Technician 1 is an entry level opportunity that will require you to perform basic mechanical repairs.Duties & ResponsibilitiesPerform routine and scheduled maintenance services such as oil changes, lubrications and filter replacements.Maintain 80% productivityLimit comebacks to zeroRepair, reline, replace, and adjust brakes (air, hydraulic, electric and brake accessories).Test drive vehicles and test components using proper equipment.Troubleshoot and repair, exhaust systems, steering systems, air conditioning.Record final measurements, services and parts used during the last stage of a job, noting any special customer request(s).File, grind, sand and smooth filled or repaired surfaces, using power tools and hand tools.Maintain a clean and organized workspace.EDUCATION & TRAININGDiesel Technology associates degree.1+ years of mechanical experience.Air Brake certifiedValid Driver's licenses.Knowledge & ExperienceExperience as a Class 7 and 8 TechnicianExperience repairing 53' trailersSkills & AbilitiesAbility to supply the require tools to perform daily repairs ie Hand Tools, Air tools, Grinders and tools box.Valid CDl preferred but not requiredAbility to lift 50lbs WORK ENVIRONMENT Non-climate controlled environment.FleetPride is the leader in the industry comprised of retail, service, distribution and wholesale divisions.",,,,aarp_us,us,2021-09-01T00:00:00-04:00,OTHER,Automotive,Analytics / Business Operations
83f9f2b0903d638d521a4f2dd66aca2ab,Caliber Collision,Auto Body Technician,"Buford, GA",https://jobs.aarp.org/job/auto-body-technician-buford-ga-06d2846780d30512a1fa1a4361e01ec3b,"Job Description Job Description Job Summary Experienced Auto Body Technician needed to repair vehicles thoroughly, safely, and profitably in a manner consistent with Caliber S.O.P., insurance partner and industry guidelines/standards. Auto Collision experience is required. Caliber Collision At Caliber, we didn't get to be the nation's largest collision repair provider by accident. We've built a team with over 1,200 state-of-the-art repair centers coast to coast, but what drives our growth is our Purpose, Culture and every single teammate. Top reasons why 1000s of technicians decide to join the Caliber family: DAY ONE BENEFITS including Medical, Dental Insurance and Paid Time Off Top Dollar Pay Plans $$$$ Constant Workflow due to numerous DRPs (Insurance relationships) Company Paid I-Car Training Career Training and Advancement Opportunities State of the art facilities and equipment (Paint Booths, Frame Machines, Measuring Systems, Welders, Large Stalls for turning WIP) Essential Job Duties Complete dis-assembly of vehicle to assist Service Advisors in assessing damage to prepare a 100% Repair Plan Ensure all needed repairs identified to eliminate supplements and minimize repair time Inspect and test drive repaired vehicles to check for compliance with safety and quality standards; Wash and prepare vehicles for customer return Comply with all Caliber safety rules, guidelines, and standards We Do The Right Thing We Are Inspired To Serve We are Courageous We Are Proud We Have Fun PIQ2 PandoLogic. Keywords: Automotive Body Repairer, Location: Buford, GA - 30515 by Jobble",,,,aarp_us,us,2021-09-01T00:00:00-04:00,OTHER,Automotive,Platform Operations
025918ffcdf38610fcde1ee398c5a4c7b,Western Global Airlines,Airframe and Powerplant Mechanic,"Shreveport, LA",https://jobs.aarp.org/job/airframe-and-powerplant-mechanic-shreveport-la-5cca6b05b4413958fe426fbccd23e460b,"A&P Mechanic OVERALL RESPONSIBILITIESThe A&P Mechanic is responsible to perform functions assigned in the service, repair, and overhaul of aircraft and aircraft components, parts, and accessories, in which they will be qualified and appropriately certificated for the work performed. The requirements listed below are representative of the knowledge, skill, and/or ability required. ESSENTIAL DUTIES* Shall positively support and promote safety, security, and quality as a fundamental function of the overall responsibility.* Inform his Supervisor/Lead immediately of any un-airworthy conditions found during performance of work assigned.* Keep a clean and safe work area at all times. Ensure that waste materials, paint, alodine, and other fluids are properly handled.* Coordinate with other departments as necessary to ensure a smooth and continuous workflow.* Read and use maintenance manuals, illustrated parts catalogs, blueprints, ATA codes, service bulletins, routine and non-routines, and other related maintenance documents in order to troubleshoot and effectively complete work assignments, within assigned timelines.* Complete all tasks to the quality standards of WGA, FAA, and approved maintenance manuals.* Perform such typical maintenance operations adjusting rigging and safety wiring. This includes powerplant and flight control removal and reinstallation.* Repair, modify, replace or overhaul aircraft and aircraft systems to ensure airworthiness.* Ensures proper execution of parts tags attached to repairable, serviceable, or condemned parts.* Ensure that the maintenance documents are accurate and properly annotated.* Use and operate safely all ground support equipment.* Ensure that GMM and FAA regulations and procedures are followed.* Accomplish all required servicing of the aircraft including wheel and brake replacement, engine oil servicing, replacing burnt-out light bulbs, wiping down struts, etc. * Perform other duties as directed by their direct supervisor and/or di",,,,aarp_us,us,2021-09-01T00:00:00-04:00,OTHER,Automotive,Workflow / Support Operations
262f229b56d6ca6f4880113713b3205cb,Michaels,Framer PT,"Gettysburg, PA",https://jobs.aarp.org/job/framer-pt-gettysburg-pa-ce022e50ae09db5f2d7d78fa5f423400b,"Store - GETTYSBURG, PA We're here for the Makers! Come be a part of the team where innovation and teamwork come together to support the most exciting missions in the world! Michaels is an Equal Opportunity Employer. We are here for all Team Members and all Makers to create, innovate and be better together. Build customer relationships while creating a memorable framing solution for their art. Help customers shop our store and be able to find what they re looking for. Provide a safe, clean and clutter-free environment. Major Activities Adhere to Standard Operating Procedures (SOP s) and Company programs to ensure compliance to applicable laws and requirements; execute Company policies and standards Embrace and execute personal designer by using Elevated ABC Deliver to build relationships with all customers while creating Custom Framing solutions. * deliver sales and production results Complete framing orders with a high degree of quality and on time Maintain the ready made frame department and other assigned areas including SISO and Directed Replenishment Deliver friendly customer service; help customers shop and find what they are looking for; provide a well merchandised and in-stock store for the customer to shop Follow Standard Operating Procedures (SOPs) and Company programs Support shrink and safety programs Interacts with others in an accepting and respectful manner; remains positive and respectful, even in difficult situations; promotes commitment to the organization s vision and values; projects a positive image and serves as a role model for others Participate in the truck un-load and stocking processes to ensure truck standards are followed and completed within budget Operate cash register and execute cash handling to standards Acknowledge customers, help locate product and provide solutions Assist with Omni channel processes Other duties as assigned Minimum Type of experience the job requires basic computer skills and basic measuring skills ability to oper",,,,aarp_us,us,2021-09-01T00:00:00-04:00,OTHER,Construction/Facilities,Platform Operations
ce9cf0829ad2da2e5626dab6b5236612b,City of Houston,Public Infrastructure Inspector,"Houston, TX",https://jobs.aarp.org/job/public-infrastructure-inspector-houston-tx-836f9a6eb251aa871afacac0c5fba416b,"Posting Number: 26102Service Line: Capital ProjectsSection: FacilitiesLocation: 4300 South Wayside Drive, Suite 109* Workdays & Hours: Monday - Friday, 7:00 am- 4:00 pm*Subject to change*DESCRIPTION OF DUTIES/ESSENTIAL FUNCTIONSInspects various types of civil construction including paving, water line, sanitary sewer, storm sewer, various types of water and wastewater facilities, and traffic signalization for compliance with technical specifications and contract documents and records the field activities in the Daily Construction Report. Coordinates construction activities with contractors and construction management team, prioritizes time to assure the most important installations are covered daily. Attends various meetings to provide status updates, identifies problem areas and recommends resolutions. Other duties include, monitors testing lab activities for placed materials (ie concrete, asphalt, embedment/backfill of underground utilities, etc.), updates as-built drawings as needed, investigates customer complaints, and maintains contract document files. WORKING CONDITIONSThis position routinely requires lifting of moderately heavy items, such as a roll of construction drawings or record boxes (up to 40 pounds) and/or very long periods of walking on rough surfaces on a routine basis. There are routine exposures to moderate heat, cold moisture/wetness and unpleasant air conditions. This position may involve routine exposure to soiled materials and light chemical substances such as cleaning solutions.This is a Department of Houston Public Works Emergency Management position at the Tier III Level.Job Requirements:MINIMUM EDUCATIONAL REQUIREMENTSRequires a high school diploma or a GED certificate.MINIMUM EXPERIENCE REQUIREMENTSFour (4) years of skilled experience related to construction are required.Substitution: A Bachelor's degree in Construction Management or a related field may substitute for up to four years of the experience requirement.Vocational training and ",,,,aarp_us,us,2021-09-01T00:00:00-04:00,OTHER,Construction/Facilities,Platform Operations
9a53eba65ff54d82aa309183c33efaadb,Express Professionals Butler County,Electronics Quality Inspector,"Hamilton, OH",https://jobs.aarp.org/job/electronics-quality-inspector-hamilton-oh-0b3656f2fbf391ceb3bd3337eb920f42b,"Express Employment Professionals Butler County is currently seeking an Electronics Quality Inspector to fill an immediate opening in West Chester, OH! This is a 1st Shift opening. Electronics Quality Inspector Responsibilities: Inspect electronics to ensure compliance with set standards Verify that repairs/rework has been completed and approve the product for shipment Perform spot audits to ensure that proper instructions are being followed Visually verify that work has been done correctly Job Requirements:Electronics Quality Inspector Qualifications: Previous experience with IPC-A-610 Previous experience with ISO9001 and AS9100 Ability to read and understand blueprints Must be able to use a microscope and basic hand tools/gauges Electronics Quality Inspector Compensation: Up to $21 hour based on skills and experience",,,,aarp_us,us,2021-09-01T00:00:00-04:00,OTHER,Construction/Facilities,Platform Operations
b4eb50d3e458f67a4d3e7902dd94c543b,Michaels,Picture Framer PT,"Meridian, ID",https://jobs.aarp.org/job/picture-framer-pt-meridian-id-c44d6374f2a179fccf64fd7d677e9a92b,"Store - MERIDIAN, ID We're here for the Makers! Come be a part of the team where innovation and teamwork come together to support the most exciting missions in the world! Michaels is an Equal Opportunity Employer. We are here for all Team Members and all Makers to create, innovate and be better together. Build customer relationships while creating a memorable framing solution for their art. Help customers shop our store and be able to find what they're looking for. Provide a safe, clean and clutter-free environment.Major ActivitiesAdhere to Standard Operating Procedures (SOP's) and Company programs to ensure compliance to applicable laws and requirements; execute Company policies and standardsEmbrace and execute personal designer by using Elevated ABC Deliver to build relationships with all customers while creating Custom Framing solutions. * deliver sales and production resultsComplete framing orders with a high degree of quality and on timeMaintain the ready made frame department and other assigned areas including SISO and Directed ReplenishmentDeliver friendly customer service; help customers shop and find what they are looking for; provide a well merchandised and in-stock store for the customer to shopFollow Standard Operating Procedures (SOPs) and Company programsSupport shrink and safety programsInteracts with others in an accepting and respectful manner; remains positive and respectful, even in difficult situations; promotes commitment to the organization's vision and values; projects a positive image and serves as a role model for othersParticipate in the truck un-load and stocking processes to ensure truck standards are followed and completed within budgetOperate cash register and execute cash handling to standardsAcknowledge customers, help locate product and provide solutionsAssist with Omni channel processes Other duties as assignedMinimum Type of experience the job requires basic computer skills and basic measuring skills ability to operate the framing ",,,,aarp_us,us,2021-09-01T00:00:00-04:00,OTHER,Construction/Facilities,Platform Operations
c42199927e9ce1950331bb773ac928b6b,Michaels,Part-time Framer,"Alexandria, VA",https://jobs.aarp.org/job/part-time-framer-alexandria-va-23fe03760c3a8bf246f209faf0305ceeb,"We're here for the makers! Come be a part of the team where innovation and teamwork come together to support the most exciting missions in the world!Build customer relationships while creating a memorable framing solution for their art. Help customers shop our store and be able to find what they're looking for. Provide a safe, clean and clutter-free environment.Major ActivitiesAdhere to Standard Operating Procedures (SOP's) and Company programs to ensure compliance to applicable laws and requirements; execute Company policies and standardsEmbrace and execute personal designer by using Elevated ABC Deliver to build relationships with all customers while creating Custom Framing solutions. * deliver sales and production resultsComplete framing orders with a high degree of quality and on timeMaintain the ready made frame department and other assigned areas including SISO and Directed ReplenishmentDeliver friendly customer service; help customers shop and find what they are looking for; provide a well merchandised and in-stock store for the customer to shopFollow Standard Operating Procedures (SOPs) and Company programsSupport shrink and safety programsInteracts with others in an accepting and respectful manner; remains positive and respectful, even in difficult situations; promotes commitment to the organization's vision and values; projects a positive image and serves as a role model for othersParticipate in the truck un-load and stocking processes to ensure truck standards are followed and completed within budgetOperate cash register and execute cash handling to standardsAcknowledge customers, help locate product and provide solutionsAssist with Omni channel processes Other duties as assignedMinimum Educationmust be at least 18 years of age Minimum Type of experience the job requires basic computer skills and basic measuring skills ability to operate the framing equipment and glass cutter Preferred Type of experience the job requiresretail experienceExperience selling",,,,aarp_us,us,2021-09-01T00:00:00-04:00,OTHER,Construction/Facilities,Platform Operations
dfe6c3748d193a9c68f6662d9355ebfdb,Ada County Highway District (ACHD),Zone Inspector,"Boise, ID",https://jobs.aarp.org/job/zone-inspector-boise-id-d65f137217899c2fce35c6d253f2a31bb,"Applications are now being accepted for the position of Zone Inspector in Development Services at Ada County Highway District in the Boise, Idaho area. This is a full-time, non-exempt position with a starting wage range of $19.62 - $22.55 per hour, DOQ. ACHD offers an excellent benefit package with medical, vision and dental insurance, paid vacation and holidays and membership in the Public Employee Retirement System of Idaho (PERSI). Primary Responsibilities: . The Zone Inspector monitors, inspects and investigates contractor compliance with District policy, specifications, and standards for work performed within the public right-of-way areas of Ada County.Job Requirements:Qualifications: . The incumbent must have a thorough knowledge of construction practices and procedures; good knowledge of materials used in construction and roadway development; good knowledge of work zone traffic control signing and traffic safety procedures; good knowledge of ADA (Americans with Disabilities Act) requirements and guidelines for pedestrian facilities; ability to perform mathematical engineering calculations; ability to read and interpret construction specifications and drawings; ability to prepare effective inspection notes and testing documentation. . Must possess a valid Idaho driver's license. . Must either have or be able to obtain certifications for Nuclear Safety and Responsible Person for erosion and sediment control within 6 months; must obtain WAQTC Certifications within 12 months of employment. . Must have good experience with use of computer programs, specifically Word, Excel, and Outlook. Familiarity with TrakIt and GIS software preferred. . Must be able to frequently lift and carry up to 50 lbs. and occasionally up to 100 lbs. . Any combination of education, experience and training which provides the required knowledge, skills and abilities may be acceptable. A completed ACHD Employment Application is required and must be submitted to Human Resources by 4:30 pm, Au",,,,aarp_us,us,2021-09-01T00:00:00-04:00,OTHER,Construction/Facilities,Platform Operations
cf2bb895e3b68eace0c896fdfae60d94b,Michaels,"Framer - Toledo, Ohio","Toledo, OH",https://jobs.aarp.org/job/framer-toledo-ohio-toledo-oh-db1df4408729ee225b8261e67c3d8286b,"We're here for the makers! Come be a part of the team where innovation and teamwork come together to support the most exciting missions in the world!Build customer relationships while creating a memorable framing solution for their art. Help customers shop our store and be able to find what they're looking for. Provide a safe, clean and clutter-free environment.Major ActivitiesAdhere to Standard Operating Procedures (SOP's) and Company programs to ensure compliance to applicable laws and requirements; execute Company policies and standardsEmbrace and execute personal designer by using Elevated ABC Deliver to build relationships with all customers while creating Custom Framing solutions. * deliver sales and production resultsComplete framing orders with a high degree of quality and on timeMaintain the ready made frame department and other assigned areas including SISO and Directed ReplenishmentDeliver friendly customer service; help customers shop and find what they are looking for; provide a well merchandised and in-stock store for the customer to shopFollow Standard Operating Procedures (SOPs) and Company programsSupport shrink and safety programsInteracts with others in an accepting and respectful manner; remains positive and respectful, even in difficult situations; promotes commitment to the organization's vision and values; projects a positive image and serves as a role model for othersParticipate in the truck un-load and stocking processes to ensure truck standards are followed and completed within budgetOperate cash register and execute cash handling to standardsAcknowledge customers, help locate product and provide solutionsAssist with Omni channel processes Other duties as assignedMinimum Educationmust be at least 18 years of age Minimum Type of experience the job requires basic computer skills and basic measuring skills ability to operate the framing equipment and glass cutter Preferred Type of experience the job requiresretail experienceExperience selling",,,,aarp_us,us,2021-09-01T00:00:00-04:00,OTHER,Construction/Facilities,Platform Operations
26459feaa799a7450abaaf56518ead43b,Michaels,Framer 2034/317,"Springfield, PA",https://jobs.aarp.org/job/framer-2034-317-springfield-pa-be0476f0b71fa6b2f98196be5f727924b,"We're here for the makers! Come be a part of the team where innovation and teamwork come together to support the most exciting missions in the world!Build customer relationships while creating a memorable framing solution for their art. Help customers shop our store and be able to find what they're looking for. Provide a safe, clean and clutter-free environment.Major ActivitiesAdhere to Standard Operating Procedures (SOP's) and Company programs to ensure compliance to applicable laws and requirements; execute Company policies and standardsEmbrace and execute personal designer by using Elevated ABC Deliver to build relationships with all customers while creating Custom Framing solutions. * deliver sales and production resultsComplete framing orders with a high degree of quality and on timeMaintain the ready made frame department and other assigned areas including SISO and Directed ReplenishmentDeliver friendly customer service; help customers shop and find what they are looking for; provide a well merchandised and in-stock store for the customer to shopFollow Standard Operating Procedures (SOPs) and Company programsSupport shrink and safety programsInteracts with others in an accepting and respectful manner; remains positive and respectful, even in difficult situations; promotes commitment to the organization's vision and values; projects a positive image and serves as a role model for othersParticipate in the truck un-load and stocking processes to ensure truck standards are followed and completed within budgetOperate cash register and execute cash handling to standardsAcknowledge customers, help locate product and provide solutionsAssist with Omni channel processes Other duties as assignedMinimum Educationmust be at least 18 years of age Minimum Type of experience the job requires basic computer skills and basic measuring skills ability to operate the framing equipment and glass cutter Preferred Type of experience the job requiresretail experienceExperience selling",,,,aarp_us,us,2021-09-01T00:00:00-04:00,OTHER,Construction/Facilities,Platform Operations
65de247e7724f588c42988e397b23bffb,Beyel Brothers,Crane Operator,"Cocoa, FL",https://jobs.aarp.org/job/crane-operator-cocoa-fl-3bffac70542ff587474cd5aad0666d68b,"We are looking for a crane operator to safely transport loads to construction sites with the use of lifting equipment, such as cranes and hoists. You will work closely with construction workers and ground operators to complete your daily duties. To succeed in this role, you should have hands-on experience with cranes and building materials. Problem-solving and attention to detail are also must-have skills for you, so that you can adapt to different weather conditions and settings.Design your career with a company that inspires and empowers you to deliver your best work so you can evolve, grow and succeed -today and into tomorrow.ResponsibilitiesKeep and update maintenance and activity log.Follow safety guidelines and protocols.Coordinate with ground operators and interpret hand and verbal signals.Transfer loads to construction sites and discharge safely.Skillfully and safely operate truck / trailer through all types of environments including off-road job sites.Compliance with company Standard Operating Procedures and Personnel policies and procedures.RequirementsPrevious experience as a crane operator or a similar role.Maintaining a clean work environment. Good social skills, strong team player, adapt to changing priorities and conditions.Willing to work overtime or weekends, if needed. Along with operating equipment in a safe, professional and efficient manor at all times.Must meet and maintain company physical and security requirements, and clearance eligibility when required.Willing to learn additional job duties.Benefits401(k)Dental insuranceHealth insurancePaid time offVision insurance",,,,aarp_us,us,2021-09-01T00:00:00-04:00,OTHER,Construction/Facilities,Platform Operations
c8c68533b6ce43d16c6938e45aca3ba7b,HAYS,Concrete Sales Estimator,"Garland, TX",https://jobs.aarp.org/job/concrete-sales-estimator-garland-tx-415397ab3905145073f35b7571a09576b,"Concrete Sales Estimating Role, Commercial and Residential Concrete SalesYour new company:Commercial Concrete ContractorYour new role - Sales Estimator, Concrete Paving* As Estimator you will review bid documents for projects that range from 50K up to 1MM, ensuring that documents are properly recorded, coded, accounted for, communicated and stored.* Prepare detailed estimates, scope of work documents inclusions/exclusions, in total compliance with the bid set documents on schedule.* Part of your duties as a Civil Estimator will be preparing quantity takeoffs, develop pricing for work to be performed and work with procurement to secure vendor rates and prices.* Review engineering drawings with Project Manager, and Chief Estimator's teams to review areas of strategic importance and future change.* Establish, maintain and utilize a focused personal network for the purpose of maintaining technical specifics, and key industry knowledge.* Participate in value engineering with the Chief Estimator and Project Management teams.* Other evolving duties as required, assigned or projected.What you'll need to succeed:* 3 years of experience in the Civil Construction industry, plus sales experience. * Bachelor's in Civil Engineering, Construction Management* A demonstrated track record of success on large projects, increasing in difficulty, complexity and value throughout your career.* Microsoft Office* Complete Project Lists w/ Dollar Amounts and Contractor/Sub AffiliationsCompetitive base salary plus commissions",,,,aarp_us,us,2021-09-01T00:00:00-04:00,OTHER,Construction/Facilities,Platform Operations
1bc0184688566659e65d99b5d556e371b,Michael Page,Traveling Retail Construction Superintendent,"Auburn, AL",https://jobs.aarp.org/job/traveling-retail-construction-superintendent-auburn-al-55e1ce099b7b70facd03d981d5b06f45b,"MPI does not discriminate on the basis of race, color, religion, sex, sexual orientation, gender identity or expression, national origin, age, disability, veteran status, marital status, or based on an individual's status in any group or class protected by applicable federal, state or local law. MPI encourages applications from minorities, women, the disabled, protected veterans and all other qualified applicants.SummaryLooking for a Traveling Superintendent to work on Retail projects across the US for a high reputation GC based in Atlanta. Client DetailsClient is a top commercial construction general contractor with strong pipeline heading into 2022. Long tenured Superintendent core. DescriptionManage Project Managers and Superintendents on siteManage construction projects from start to close outPrepare punch listsManagement of Field PersonnelEstablish project plan, maintain weekly progress and pulse of project.Maintain positive relationship with Owners, Engineers, and Design ConsultantsCoordinate with local jurisdiction inspectors and utility company representatives to ensure compliance.Strictly enforce Safety Program and manage the Quality Control ProgramManage accurate invoice payment process and financial management of the project costsProfileExperience light commercial (Retail or Big Box)Experience in Ground Up construction is preferredTraveling will be required (National)Strong verbal and written communication skillsStable work recordKnowledge in Construction Management or related field requiredJob OfferPackage is negotiable subject to experience.",,,,aarp_us,us,2021-09-01T00:00:00-04:00,OTHER,Construction/Facilities,Platform Operations
cc136601a76997ec280976e77da3a246b,ATC Group Services LLC,Construction Materials Technician,"Lakewood, OH",https://jobs.aarp.org/job/construction-materials-technician-lakewood-oh-046a5140aed02e6f8b24d07309874b72b,"ATC is now Atlas!Atlas provides professional testing, inspection, engineering, environmental and consulting services from more than 100 locations nationwide. We deliver solutions to both public and private sector clients in the transportation, commercial, water, government, education and industrial markets. With a legacy of providing consistent quality and results, Atlas creates a better experience at every stage of an infrastructure project. We connect the best experts in the industry to deliver value from concept to completion and beyond. This means doing everything our clients expect and then raising the expectations in a way that only our people can. We are looking for a Construction Materials Testing Technician to work out of our Cleveland area (Brecksville) office.Job responsibilities include but are not limited to:Perform construction materials testing (CMT) services on construction project sites primarily located in NE Ohio. Candidate would work on construction projects as a quality assurance/quality control (QA/QC) inspector.Perform field inspection and testing of construction materials including concrete, masonry, asphalt, soils, reinforcing steel, etc.Review project plans and specifications to determine contractor construction requirements. Prepare daily and other reports of contractor performance.Identify deficiencies and report to superiors and clients.Communicate with on-site personnel and engineering staff effectively and professionally.Abide by ATC's health and safety policies and procedures.Minimum Requirements:* High school diploma or equivalent.* Experience should include inspection of buildings and roadways with an emphasis on soil density testing and concrete testing and reporting.* Possess physical strength, stamina and dexterity for repeatedly lifting and moving objects as much as 50 pounds, stooping, bending, and climbing.* Must possess a valid driver's license.* Must pass physical & drug screen.* Familiarity with Microsoft Office programs.* ",,,,aarp_us,us,2021-09-01T00:00:00-04:00,OTHER,Construction/Facilities,Analytics / Business Operations
0f256b3605cb31ba6ab1f13df33fe8c0b,QUANTEAM North America,Trading Application Support Analyst,"New York, NY",https://jobs.aarp.org/job/trading-application-support-analyst-new-york-ny-748f3ae598d5ce87dd025b6ffa46a2fbb,"Quanteam is looking for Trading Application Support Analysts (FTE) to work with CIBs based in New York. We have several positions (from 2 to 15 years of experience) in different departments.Business Overview:We are currently seeking a talented front office support individual with a solid background supporting a broad suite of FX etrading applications. The individual will join the existing FX Trading Support US team in New York, which is part of 4 strong global Electronic Markets application support teams. We work closely with FX Traders, Sales and Middle Office personnel locally and alongside a global development team.Responsibilities: - Support a complex a Global Production system architecture including the following FX eTrading and eCommerce Applications:- Single/Multi Dealer Platforms- Electronic Trading- Algorithmic Trading- Auto hedging- Cortex FX- Client Distribution Platform- Etc - FIX API integration work.- Troubleshoot and resolve issues quickly and provide detailed and accurate reporting.- Perform system installs, upgrades and configuration, whilst adhering to a rigorous change management process.- Actively monitor systems, as well as performing periodic system checks and tests.- Specifying requirements for bug fixes and system enhancements.- Development of support tools, particularly those which automate manual checks.- Delivering formal and ad-hoc training to users.- Participate in an early (0700) and late (1900) shift, and on-call cover on a rota basis. Qualifications:- Bachelor or Master degree in a numerate subject (Engineering, Computer Science, Math, Physics, etc ) required.- Minimum 2 years experience in Electronic Markets Application Support.- Strong analytic and problem-solving skills.- Excellent verbal and written communication skills.- Motivated to work under own initiative whilst being a team player.- Knowledge of the FX business products and Electronic Markets.- Knowledge of SQL (SQL Server and Oracle).- Knowledge of Excel/VBA.- Knowledge of ",,,,aarp_us,us,2021-09-01T00:00:00-04:00,OTHER,Construction/Facilities,Workflow / Support Operations
14cdad27d5508a7d77f7a64b1cc70e25b,Len The Plumber,PLUMBER Sewer Installer - NOVA - Sewer and Excavation Eqt Oper,"Lorton, VA",https://jobs.aarp.org/job/plumber-sewer-installer-nova-sewer-and-excavation-eqt-oper-lorton-va-8ffc9e9e596af2a3dee1f7ea51c12029b,"PLUMBER Sewer Installer - Sewer and Excavation Department - NOVA / DC Region IMMEDIATE OPENING - APPLY TODAY!!Very competitive wages! $$ Great company & Benefits Are you a HYBRID? Can you Operate Equipment and do the Sewer Installation? We REALLY want to talk to YOU!! Please reference Sewer & Excavation PLUMBER position - you may respond to this job posting, call me 443.###.#### Summary of Position: Must have excavation experience and experience replacing water and sewer lines! The position of Sewer Installation Technician is to repair/replace sewer lines as per sales contracts. The Sewer Installation Technician is responsible for the job site during the excavation process. Includes preparation, execution, and cleanup of sewer replacements. Sewer & Excavation Department. Applicant must have previous Sewer & Excavation plumbing experience and be able to work in outdoor weather conditions. Must be able to pass Drug Screen, Back Ground and Driving Record Check. Must have MD Drivers License! NO 'ON-CALL' HOURS!! Monday - Friday Day Shift (Weekends / OT optional) Licensed Journeyman or Master Plumbers preferred Seeking HYBRID - Sewer Installer - Plumber - Equipment Operator Duties and Responsibilities Coordinate with Excavation Operator and Estimator prior to beginning the job the most successful way to complete Sewer Replacement/Repair. Accurately measure, cut and reconnect sewer pipe. Adhere to all safety policies and protocol Maintain accurate inventory of both truck stock and items used on job site Confirm prior to leaving site that customer is satisfied with end result and signature is obtained Collect balance of job Submit job folders to office after completion of job along with balance due Maintain contact with salesperson should issues arise on job site that may impact customer experience Other duties as assigned. Operate company vehicle in a responsible and courteous manner Other duties as assigned Work is performed in residential homes MD Journeyman or Master P",,,,aarp_us,us,2021-09-01T00:00:00-04:00,OTHER,Construction/Facilities,Workflow / Support Operations
e7aade8e82bf1000f6be25d0a8a7e270b,Waste Management,Veterans Preferred - Heavy Equipment Operator,"Zachary, LA",https://jobs.aarp.org/job/veterans-preferred-heavy-equipment-operator-zachary-la-01c4b9732594447fcf626831ec822456b,"Military Veterans are Encouraged to Apply. Equal Opportunity Employer: Minority/Female/Disability/Veteran What is the value of a WM job? The value of a WM job is more than a paycheck. It's a way to create opportunities for you and your family. We Are Stable: Our WM team is home every day, and our team members perform essential and meaningful work. We Are Committed to Growth: 100% tuition paid for benefits eligible employees and their family, and established career progression. We Are Investing in You: Amazing Medical, Dental & Vision, 401K with match, discounted stock options, dependent day care, and more! Who are we? #WeAreWM Ready to roll with us? Click Apply to join the Waste Management team today. Waste Management (WM), a Fortune 250 company, is the leading provider of comprehensive waste and environmental services in North America. We are strongly committed to a foundation of operating excellence, professionalism and financial strength. WM serves nearly 25 million customers in residential, commercial, industrial and municipal markets throughout North America through a network of collection operations, transfer stations, landfills, recycling facilities and waste-based energy production projects. I. Job Summary Operates a wide variety of heavy equipments vehicles that perform the spreading and compaction of construction demolition, commercial and residential waste disposed at the post collection facilities. II. Essential Duties and Responsibilities To perform this job successfully, an individual must be able to perform each essential duty satisfactorily. Other minor duties may be assigned. Operates heavy equipments in compliance with the company operating safety policies and procedures. Conducts routine equipment inspections and preventative maintenance on equipment; maintains accurate records Moves and positions raw materials and finished components with use of material moving equipments. Follow appropriate standard operating procedures as guideline for operatin",,,,aarp_us,us,2021-09-01T00:00:00-04:00,OTHER,Construction/Facilities,Platform Operations
ba7bfb9fbd3f1d9287f8042346b0e90db,Waste Management,Veterans Preferred - Primary Heavy Equipment Operator II,"Saluda, VA",https://jobs.aarp.org/job/veterans-preferred-primary-heavy-equipment-operator-ii-saluda-va-14cdad27d5508a7d77f7a64b1cc70e25b,"Military Veterans are Encouraged to Apply. Equal Opportunity Employer: Minority/Female/Disability/Veteran Waste Management (WM), a Fortune 250 company, is the leading provider of comprehensive waste and environmental services in North America. We are strongly committed to a foundation of operating excellence, professionalism and financial strength. WM serves nearly 25 million customers in residential, commercial, industrial and municipal markets throughout North America through a network of collection operations, transfer stations, landfills, recycling facilities and waste-based energy production projects. I. Job Summary Operates a wide variety of heavy equipment vehicles that perform the spreading and compaction of construction demolition, commercial and residential waste disposed at the post collection facilities. II. Essential Duties and Responsibilities To perform this job successfully, an individual must be able to perform each essential duty satisfactorily. Other minor duties may be assigned. Operates heavy equipment in compliance with the company operating safety policies and procedures. Conducts routine equipment inspections and preventative maintenance on equipment; maintains accurate records Moves and positions raw materials and finished components with use of material moving equipment. Follow appropriate standard operating procedures as guideline for operating and maintaining vehicle Performs other duties as assigned. III. Supervisory Responsibilities This job has no supervisory duties. IV. Qualifications The requirements listed below are representative of the qualifications necessary to perform the job. A. Education and Experience Education: None required. Experience: Three (3) years of previous experience operating Heavy Equipment (Bulldozers, Compactors, Excavators, Articulating Dump Trucks). B. Certificates, Licenses, Registrations or Other Requirements None required. C. Other Knowledge, Skills or Abilities Required None required. V. Work Environment ",,,,aarp_us,us,2021-09-01T00:00:00-04:00,OTHER,Construction/Facilities,Platform Operations
b27a5f8cb074845a9e4abe72f6dbd9f8b,Waste Management,Veterans Preferred - Heavy Equipment Operator II,"Geneva, OH",https://jobs.aarp.org/job/veterans-preferred-heavy-equipment-operator-ii-geneva-oh-2c2b80ac01aa9de3fd590560de37d3ccb,"Military Veterans are Encouraged to Apply. Equal Opportunity Employer: Minority/Female/Disability/Veteran Waste Management (WM), a Fortune 250 company, is the leading provider of comprehensive waste and environmental services in North America. We are strongly committed to a foundation of operating excellence, professionalism and financial strength. WM serves nearly 25 million customers in residential, commercial, industrial and municipal markets throughout North America through a network of collection operations, transfer stations, landfills, recycling facilities and waste-based energy production projects. I. Job Summary Operates a wide variety of heavy equipments vehicles that perform the spreading and compaction of construction demolition, commercial and residential waste disposed at the post collection facilities. II. Essential Duties and Responsibilities To perform this job successfully, an individual must be able to perform each essential duty satisfactorily. Other minor duties may be assigned. Operates heavy equipments in compliance with the company operating safety policies and procedures. Conducts routine equipment inspections and preventative maintenance on equipment; maintains accurate records Moves and positions raw materials and finished components with use of material moving equipments. Follow appropriate standard operating procedures as guideline for operating and maintaining vehicle Performs other duties as assigned. III. Supervisory Responsibilities This job has no supervisory duties. IV. Qualifications The requirements listed below are representative of the qualifications necessary to perform the job. A. Education and Experience Education: None required. Experience: Three (3) years of previous experience. B. Certificates, Licenses, Registrations or Other Requirements None required. C. Other Knowledge, Skills or Abilities Required None required. V. Work Environment Listed below are key points regarding environmental demands and work environment of th",,,,aarp_us,us,2021-09-01T00:00:00-04:00,OTHER,Construction/Facilities,Platform Operations
2ae7be974ca2e9a9d9bd41e262566b0fb,Waste Management,"Veterans Preferred - Heavy Equipment Mechanic (Yellow Iron) - $2,500 Sign on Bonus","Ferris, TX",https://jobs.aarp.org/job/veterans-preferred-heavy-equipment-mechanic-yellow-iron-2-500-sign-on-bonus-ferris-tx-b27a5f8cb074845a9e4abe72f6dbd9f8b,"Military Veterans are Encouraged to Apply. Equal Opportunity Employer: Minority/Female/Disability/Veteran Waste Management (WM), a Fortune 250 company, is the leading provider of comprehensive waste and environmental services in North America. We are strongly committed to a foundation of operating excellence, professionalism and financial strength. WM serves nearly 25 million customers in residential, commercial, industrial and municipal markets throughout North America through a network of collection operations, transfer stations, landfills, recycling facilities and waste-based energy production projects. I. Job Summary Performs complex preventative maintenance tasks, and troubleshoots and repairs a wide variety of equipment (Trucks and Yellow Iron). Ideal Candidate: Knowledge in air brakes, tires, hydraulics, advanced electrical, advanced drive train knowledge, suspension, steering and wheel-end components training as evidenced by ASE Certification. 1 year of prior experience as a technician working on heavy equipment, demonstrating the ability to service increasingly more challenging maintenance repairs. Mechanical Trade School certificate or degree (Preferred) Knowledge or experience doing repairs and maintenance on engines, transmissions, chassis, drivelines and body components, hydraulic, brake, electrical and suspension systems, wheels, tires and undercarriages. Isn't afraid to get Dirty Type of Equipment you will be working on: Dozers Compactor Excavator Wheel Loaders II. Essential Duties and Responsibilities To perform this job successfully, an individual must be able to perform each essential duty satisfactorily. Other minor duties may be assigned. Repairs as needed equipment (including, but not limited to, bulldozers, scrapers, backhoes, front end loaders, yard trucks, farm tractors, forklifts, and company cars). Diagnoses and repairs differentials, hydraulic systems, motors, transmissions, drives, air conditioning systems, and electrical systems. Perform",,,,aarp_us,us,2021-09-01T00:00:00-04:00,OTHER,Construction/Facilities,Workflow / Support Operations
32013ec2a41644b5ccaa20d3312bc011b,Waste Management,Veterans Preferred - Primary Heavy Equip Oper II,"Newberg, OR",https://jobs.aarp.org/job/veterans-preferred-primary-heavy-equip-oper-ii-newberg-or-1bb88bb4414f63ae4703161126d324abb,"Military Veterans are Encouraged to Apply. Equal Opportunity Employer: Minority/Female/Disability/Veteran Waste Management (WM), a Fortune 250 company, is the leading provider of comprehensive waste and environmental services in North America. We are strongly committed to a foundation of operating excellence, professionalism and financial strength. WM serves nearly 25 million customers in residential, commercial, industrial and municipal markets throughout North America through a network of collection operations, transfer stations, landfills, recycling facilities and waste-based energy production projects. I. Job Summary Operates a wide variety of heavy equipments vehicles that perform the spreading and compaction of construction demolition, commercial and residential waste disposed at the post collection facilities. II. Essential Duties and Responsibilities To perform this job successfully, an individual must be able to perform each essential duty satisfactorily. Other minor duties may be assigned. Operates heavy equipments in compliance with the company operating safety policies and procedures. Conducts routine equipment inspections and preventative maintenance on equipment; maintains accurate records Moves and positions raw materials and finished components with use of material moving equipments. Follow appropriate standard operating procedures as guideline for operating and maintaining vehicle Performs other duties as assigned. III. Supervisory Responsibilities This job has no supervisory duties. IV. Qualifications The requirements listed below are representative of the qualifications necessary to perform the job. A. Education and Experience Education: None required. Experience: Three (3) years of previous experience. B. Certificates, Licenses, Registrations or Other Requirements None required. C. Other Knowledge, Skills or Abilities Required None required. V. Work Environment Listed below are key points regarding environmental demands and work environment of th",,,,aarp_us,us,2021-09-01T00:00:00-04:00,OTHER,Construction/Facilities,Platform Operations
9fe88767e8375591b2df11d1551d1951b,Waste Management,Veterans Preferred - Heavy Equipment Operator - (627 Scrapper Experience) - $17-18 Hourly DOE,"New Braunfels, TX",https://jobs.aarp.org/job/veterans-preferred-heavy-equipment-operator-627-scrapper-experience-17-18-hourly-doe-new-braunfels-tx-f65df9418abe395f9bce2da841114415b,"Military Veterans are Encouraged to Apply. Equal Opportunity Employer: Minority/Female/Disability/Veteran Waste Management (WM), a Fortune 250 company, is the leading provider of comprehensive waste and environmental services in North America. We are strongly committed to a foundation of operating excellence, professionalism and financial strength. WM serves nearly 25 million customers in residential, commercial, industrial and municipal markets throughout North America through a network of collection operations, transfer stations, landfills, recycling facilities and waste-based energy production projects. Job Summary Operates a 627 Scrapper and other Heavy Equipment that may include Dozer, Excavator, A DT (Articulated Dump Truck) that perform the spreading and compaction of construction demolition, commercial and residential waste disposed at the post collection facilities. Ideal Candidate 1-3 years of 627 CAT Scrapper Experience Able to work a 7am-6pm Monday -Friday and every other Saturdays 6am-12noon Must be willing to work overtime (50-60 hours a week) Previous experience work Outdoors all day and all types of conditions (Dusty, dirty and loud environment) Someone that is self-motivated and can work in all types of outdoor weather conditions This position will require a Drug Test / Background / Physical Test prior to starting Essential Duties and Responsibilities To perform this job successfully, an individual must be able to perform each essential duty satisfactorily. Other minor duties may be assigned. Operates heavy equipments in compliance with the company operating safety policies and procedures. Conducts routine equipment inspections and preventative maintenance on equipment; maintains accurate records Moves and positions raw materials and finished components with use of material moving equipments. Follow appropriate standard operating procedures as guideline for operating and maintaining vehicle Performs other duties as assigned. Qualifications The requi",,,,aarp_us,us,2021-09-01T00:00:00-04:00,OTHER,Construction/Facilities,Platform Operations
a4512184765978812029a9015044694db,Cognizant Technology Solutions,Veterans Preferred - GIS Test Lead,"Allentown, PA",https://jobs.aarp.org/job/veterans-preferred-gis-test-lead-allentown-pa-b280f0ed3c47bd3eeb2f09f672052d2eb,"Military Veterans are Encouraged to Apply. Job Title :GIS Test Lead Job Summary : GIS ESRI Good knowledge to execute test cases for web mobile apps. Expert in documenting and reporting defects in various testing tools. Qualifications - - Bachelors Degree - 3-4 Years of experience in manual QA testing. - Excellent knowledge and understanding in Manual testing terms. - Excellent knowledge in SQL and running queries. - Experienced in SDLC & STLC terms and execution. - Should be experienced in Bug reporting tools like JIRA & test case management tools. - Strong concepts on various types of testing -Self-motivated and quick learner. - Should have basic knowledge of GIS concepts and Maps. - Knowledge of Coordinate systems in GIS location and Layer management . - Some knowledge of GIS software would be added advantage. Required Skills:- FME GeoCortex ArcFM ArcGIS Server for .Net Frame MapGuide Desired Skills:- Energy & Utility Industry experience #LI-CT1 Employee Status : Full Time Employee Shift : Day Job Travel : No Job Posting : Aug 11 2021 About Cognizant Cognizant (Nasdaq-100: CTSH) is one of the world's leading professional services companies, transforming clients' business, operating and technology models for the digital era. Our unique industry-based, consultative approach helps clients envision, build and run more innovative and efficient businesses. Headquartered in the U.S., Cognizant is ranked 185 on the Fortune 500 and is consistently listed among the most admired companies in the world. Learn how Cognizant helps clients lead with digital at www.cognizant.com or follow us @USJobsCognizant. Applicants may be required to attend interviews in person or by video conference. In addition, candidates may be required to present their current state or government issued ID during each interview. Cognizant is an equal opportunity employer. All qualified applicants will receive consideration for employment without regard to sex, gender identity, sexual orientation, race, ",,,,aarp_us,us,2021-09-01T00:00:00-04:00,OTHER,Construction/Facilities,Analytics / Business Operations
bf860d8116ce3e3e75b16f2562f7ce81b,Republic Services,Veterans Preferred - Heavy Equipment Tech - $3000 Sign On Bonus,"Rougemont, NC",https://jobs.aarp.org/job/veterans-preferred-heavy-equipment-tech-3000-sign-on-bonus-rougemont-nc-a4512184765978812029a9015044694db,"Military Veterans are Encouraged to Apply. POSITION SUMMARY: The Heavy Equipment Technician performs repairs and maintenance on heavy equipment, compact heavy equipment, light service equipment, and light trucks. Typical repairs include, but are not limited to, preventative maintenance inspections, hydraulic, fuel, exhaust, brakes, suspension, electrical, HVAC, and emission systems. PRINCIPAL RESPONSIBILITIES: Maintains advanced knowledge to diagnose and repair mechanical problems on heavy equipment. Performs repair or preventative maintenance on electrical, diesel and gasoline vehicles, including compactor, excavator, wheel loader, and other vehicles to maximize safe and productive operations. Typical repairs and maintenance would include work on engines, transmissions, chassis, drivelines and body components, hydraulic, brake, electrical and suspension systems, wheels, tires and undercarriages. Reads and interprets equipment condition reports and/or repair orders, communicate with supervisor and/or operator for clarification of defects and discuss preventive techniques with operators to minimize future repairs. Completes paperwork associated with repairing equipment, documenting parts usage and accounting for applied times (i.e., work order times compared to time card times). Completes daily consumables report to record hours, fuel and oil usage, and provide information for input into Dossier, Republic Services Fleet Management Software system. Collects and interprets analyses from oil sampling, on-board computer, and fleet management software. Follows all safety policies and procedures. Performs overhauls on gas or diesel engines. QUALIFICATIONS: Advanced knowledge in air brakes, tires, hydraulics, advanced electrical, advanced drive train knowledge, suspension, steering and wheel-end components training as evidenced by ASE Certification. At least 1 year of experience as a technician working on heavy equipment. Minimum of 1 year of prior experience as a technicia",,,,aarp_us,us,2021-09-01T00:00:00-04:00,OTHER,Construction/Facilities,Workflow / Support Operations
fa5999088ee0f8afffb7aa21d379e5a1b,Siemens Mobility,Gas Metal Arc Welder,"Los Angeles, CA",https://jobs.aarp.org/job/gas-metal-arc-welder-los-angeles-ca-f3f5b8111a4634021a197d11d7edb75ab,"Hi, We are Siemens Mobility, a world-class rail car manufacturing facility in beautiful and affordable Sacramento, California. We are a market leader in the production of passenger locomotives and coaches, and light rail vehicles. As a Gas Metal Arch Welder, you will support a broad range of activities in a dynamic, high energy production environment in the fabrication of carbon steel and stainless-steel car bodies for the best rail vehicles in the world. This position is in Sacramento, CA and will require relocation . What you will be doing: Start with getting certified in our in-house Weld Education Center. Work from engineering drawings to fit up and weld assemblies and sub-assemblies with the support of jigs and fixtures. Correct inspection findings. Meet production schedule with minimum supervision. What you will need to be successful: High school education, community college weld program, technical weld school, or equivalent experience. 3 years minimum experience in welding fabrication. AWS certification for carbon steel and stainless steel using GMAW process positions 1F-4F and 1G-4G. Knowledge of gas torch and plasma equipment, overhead crane operations, pneumatic hand tools such grinders, and air chisels. We would be impressed if you had: Skills in all forms of GMAW welding. Your competence in reading and fully understanding manufacturing drawings. The ability to work with minimum supervision. Your ability to contribute to the team's performance. Your confidence with measurements, tolerances, and the metric system. Why Siemens Mobility? # 9 on Forbes Great Places to Work List. Health Insurance, Dental Insurance, Vision Insurance, Health Savings Account, Paid Vacation, holidays, personal/sick days, maternity/paternity leave 401K Savings Plan with company match. Tuition Reimbursement, promote from within, shadowing opportunities, access to online courses Potential Relocation Benefit Beautiful Northern California location - close to ocean, mountain, desert and",,,,aarp_us,us,2021-09-01T00:00:00-04:00,OTHER,Construction/Facilities,Analytics / Business Operations
5eafeef56a9db7e4d03394de330541e6b,"Otter Products, LLC",Industrial Designer,"Fort Collins, CO",https://jobs.aarp.org/job/industrial-designer-fort-collins-co-0b66495afecb9cb7bed6737daafb6499b,"Overview: The Industrial Designer role will establish high quality and innovative solutions for the protection of handheld technology. This position must ensure that the design and engineering work conforms to the high technical and organizational standards of Otter Products and meets or exceeds all requirements. This role will effectively communicate creativity and thought processes through sketches, 3-D modeling, images and/or quality renderings to the mechanical design team. About Otter Products: From our founder s garage in 1998 to the global technology leader we are today, Otter Products continues to drive growth through innovation. Our industry-leading brands, OtterBox, LifeProof and Liviri lead the way to help people do more and go more places with technology in hand. Otter Products is a global company of more than 900 Otters (employees) with offices in Fort Collins, Colo., San Diego, Calif., Hong Kong, Munich, Germany and Cork, Ireland. Our mission is simple We Grow to Give which comes to life by way of our charitable arm, the OtterCares Foundation. From innovation and engineering to community and culture growing to give is at the heart of everything we do. For more information visit . Responsibilities: Creates and develops design concepts and specifications that optimize the function, ergonomics, perceived value and appearance of physical hardware products and systems for product consumers and end users Partners with internal and external marketing and design groups to research and analyze design trends and customer feedback for incorporation into product enhancements, new product design and overall design language and strategy Produces and validates product design specifications and production requirements with insourced and outsourced manufacturing and engineering groups Support and maintain a positive safety culture by being an active leader in all safety program initiatives Other duties as required Qualifications: Bachelors degree in Industrial Design o",,,,aarp_us,us,2021-09-01T00:00:00-04:00,OTHER,Design,Workflow / Support Operations
e9f60cb34d6eba79a1d7a30d53c9f2a9b,"Otter Products, LLC",CAD Designer,"Fort Collins, CO",https://jobs.aarp.org/job/cad-designer-fort-collins-co-974363e0811bb45e825a3d2fee572cc9b,"Overview: The CAD Designer ensures that the design and engineering work conforms to the high technical and organizational standards of Otter Products and meets or exceeds all requirements. This position assists with design duties associated with product specifications. This position can be located in Fort Collins, CO or San Diego, CA About Otter Products: From our founder s garage in 1998 to the global technology leader we are today, Otter Products continues to drive growth through innovation. Our industry-leading brands, OtterBox, LifeProof and Liviri lead the way to help people do more and go more places with technology in hand. Otter Products is a global company of more than 900 Otters (employees) with offices in Fort Collins, Colo., San Diego, Calif., Hong Kong, Munich, Germany and Cork, Ireland. Our mission is simple We Grow to Give which comes to life by way of our charitable arm, the OtterCares Foundation. From innovation and engineering to community and culture growing to give is at the heart of everything we do. For more information visit . Responsibilities: Utilize SolidWorks to develop layouts, designs, and drawings that meet or exceed engineering specifications Work within a team to generate and review CAD models, technical documentation, simulations, and prototypes Maintain CAD files and supporting documentation in a product data management system Work within a product lifecycle management system to release new, and revise existing, product designs and documentation Provide feedback on guidelines and processes Adhere to strict company and partner information security protocols Support and maintain a positive safety culture by following all safety policies and procedures and actively contributing to a safe working environment Other duties as required Qualifications: Minimum associate degree (or equivalent work experience) in design or engineering required Minimum of 3 years design experience including computer aided drafting (CAD) is required Otter Produ",,,,aarp_us,us,2021-09-01T00:00:00-04:00,OTHER,Design,Workflow / Support Operations
9d97c42c306b1e681329600b06dba1e9b,Allied Consultants,CADD Support Analyst,"Austin, TX",https://jobs.aarp.org/job/cadd-support-analyst-austin-tx-475df4561ceec0e6a52b9fb034065872b,"Overview: Allied Consultants, Inc. is an Austin-based firm which has for 30 years been a premier provider of technical and business professionals to clients in Texas. We are currently seeking an experienced CADD Support Analyst to be a key resource on a technical services team. Allied Consultants offers its family of consultants excellent rates, a local support staff, and an attractive benefits package which includes medical insurance (Allied shares a percentage of the cost), life insurance, a matching 401(k) plan and a cafeteria plan. Candidates selected for interview will be required to undergo criminal background checks and may be required to complete a drug screen in accordance with Federal and State Law. Offers of Employment are contingent on a successful background check Allied Consultants is an equal opportunities employer. Responsibilities: The IT Division of client is seeking experienced support analysts to provide operation, management, and support for computer aided design and drafting applications ( CADD ), roAadway design applications, imagery (e.g., 3D imaging support), civil design, modeling support, and general engineering services. The primary responsibilities for these positions shall be: Share knowledge of CADD / Survey / GIS / GPS principles and practices. Troubleshoots CAD issues. Assist end users to ensure that CAD projects are completed on time, within budget and to users . Collaborates with business analysts, technical writers, developers, and others to understand CA. Qualifications: Minimum (Required): Years Skills/Experience 3+ Support of MicroStation/GEOPAK/ ProjectWise/ Open Roads Designer. 3+ Enterprise software implementation and deployment. 3+ Software package creation and deployment. 3+ SME for CADD tools and provides extensive support for the tools and business. 3+ Customer centric support and technical helpdesk support. 3+ Experience providing guidance to end users based on analysis of hardware, software and technologies associated ",,,,aarp_us,us,2021-09-01T00:00:00-04:00,OTHER,Design,Workflow / Support Operations
aa14eb5d618eac68064eeb21263cf25cb,Bron Studios,Junior Animator,"Los Angeles, CA",https://jobs.aarp.org/job/junior-animator-los-angeles-ca-c871a604eec644d6421301942c53155bb,"ABOUT THE JOB BRON Digital, is a state-of-the-art virtual production and service company, that utilizes the Unreal Engine to develop and produce long-form animation for series television, short-form content, and motion pictures. This division leverages BRONs extensive experience producing traditional CGI animation to apply and adapt the best practices of linear animation pipelines and marry those with Unreal Engine centered, virtual production workflows. The move allows BRON to broaden and expand its production and produce high quality content with much faster turnarounds. Requirements Role & Responsibilities * Clean body motion capture data * Receive and send files through a secure VPN * Help to define and maintain quality standards, establish guidelines and requirements for the look and quality bar of the animation * Assist with animation pipeline and associated workflows * Animate key sequences or shots to set the quality bar * Develop character and animation rigs by working collaboratively * Collaborate with others to share techniques, ideas, and best practices * Provide estimated delivery times for keyframe and Motion Capture animation * Re-targeting characters using the HIK system in Maya or using Motion Builder * Participate in dailies and all meetings requested Qualifications * Experience with Motion Capture is an asset * Outstanding portfolio that demonstrates a strong artistic style and design sensibility * Excellent traditional artistic skills with a strong grasp of composition, anatomy, color theory, perspective, lighting, environment, architectural, character, costume and/or graphic design * Excellent ability to give and take direction as well as accept critical review of your work * Excellent communication, visual storytelling and written skills * Excellent organizational skills and ability to accurately estimate tasks and maintain schedules * Require knowledge of traditional and digital art skills and experience in Photoshop Benefits * Competitive com",,,,aarp_us,us,2021-09-01T00:00:00-04:00,OTHER,Design,Workflow / Support Operations
816942e4577eef3256c1e926401733c0b,ViacomCBS,Tooning Out the News - Drawn Animator,"New York, NY",https://jobs.aarp.org/job/tooning-out-the-news-drawn-animator-new-york-ny-7ce90130641234bc32c62d71519a2c56b,Solid understanding of After Effects and compositing Experience with the specifics of rigging and puppets Ability to maintain a clean and organized Project file Willingness to work within an established workflow Experience using After Effects scripts and expressions Understanding of Episodic or Animated Series Pipelines a plus Knowledge of Photoshop is a must Detail-oriented and organized a must Understanding of Animation Production preferred Experience working in a professional production environment preferred,,,,aarp_us,us,2021-09-01T00:00:00-04:00,OTHER,Design | Accounting/Finance,Workflow / Support Operations
2753c6a9d816679465d041434fa864a0b,NuScale Power,Drafter 3 (NSSS Engineering),"Corvallis, OR",https://jobs.aarp.org/job/drafter-3-nsss-engineering-corvallis-or-9d97c42c306b1e681329600b06dba1e9b,"POSITION SUMMARY: Reporting to the Supervisor, Modeling & Drafting, the Drafter 3 will work alongside engineers to develop 3D models and 2D drawings of NuScale structures, systems, and components utilizing Siemens NX , SolidWorks , and/or AutoCAD . ESSENTIAL DUTIES AND RESPONSIBILITIES: Generate 3-dimensional parts and assemblies. Develop geometry for use in FEA and CFD analysis models. Prepare process flow diagrams and process and instrumentation diagrams for both primary and balance of plant systems. Create 2-dimensional line drawings and figures for reports. Write design documentation to accompany engineering reports and studies. Prepare and review engineering specifications, drawings, and other documentation that communicates the design and technical aspects of systems, structures, and components associated with both primary and balance of plant systems. Prepare, review, and manage drafting standards and procedures. Provide informal training and technical guidance to more inexperienced staff. Perform other duties as assigned. CORE COMPETENCIES: To perform the job successfully, the individual should demonstrate competencies in performing the essential functions of this position by performing satisfactorily in each of these competencies. Problem solving: Identifies and resolves problems in a timely manner, gathers and reviews information appropriately. Uses own judgment and acts independently; seeks input from other team members as appropriate for complex or sensitive situations. Oral/written communication: Listens carefully and speaks clearly and professionally in all situations. Edits work for accuracy and clarity, Is able to create, read and interpret complex written information. Ability to develop strong interpersonal networks within the organization. Planning/organizing: Prioritizes and plans work activities, organizes personal and project timelines and deadlines, tracks project timelines and deadlines, and uses time efficiently. Adaptability: Adapts to chang",,,,aarp_us,us,2021-09-01T00:00:00-04:00,OTHER,Design,Analytics / Business Operations
c63bc64cd6daaba317c572538f0f3b9eb,RGBSI,Vehicle Systems CAD Designer,"Auburn Hills, MI",https://jobs.aarp.org/job/vehicle-systems-cad-designer-auburn-hills-mi-f8e9c4d1817488a8c2cb12a75e1a194bb,"Job Description RGBSI, is dedicated to providing the highest quality of services to our clients and employees. We are proud to be the primary partner to top companies in the automotive, aerospace & defense, IT, media & entertainment, sports, energy, and finance industries. As a result of our clients' continued growth, we are looking for energetic, personable professionals to partner with these leading US companies. Position Responsibilities: Working together with some of the industry's most innovative minds, the CAD Designer is responsible for the design of vehicle systems such as cooling, braking, steering, intake, exhaust, hybrid system accessories, high voltage battery integration, component mounting, wire routing, etc.. The Designer will be involved in the entire design process, from conceptual model creation to production level detailing. There will be considerable involvement and responsibility in the design layout, creation, and maintenance of CAD models, 2D drawings, tolerance stack-up's and BOM's. Qualifications: 3 years' experience required in design of vehicle systems such as cooling, braking, steering, intake, exhaust, hybrid system accessories, high voltage battery integration, component mounting, wire routing, etc. Proficiency with CAD tools (CREO preferred) Experience with Teamcenter preferred Experience with vehicle hybrid systems Experience with design of Class 8 trucks beneficial Must have a highly creative ability to design new technical concepts Knowledge of GD application Knowledge of prototype manufacturing processes Excellent verbal and written communication skills mandatory Must be a highly motivated team player with excellent organizational and communication skills and ability to work independently We offer attractive, competitive compensation and benefits including, medical, dental, 401k, Short Term Disability, AD and Tuition Reimbursement, etc. If you take pride in your work and are committed to personal and professional success we want to",,,,aarp_us,us,2021-09-01T00:00:00-04:00,OTHER,Design,Platform Operations
b47eb7234bac3e9088ddd610a1c00e16b,Generis TEk,Senior Drafter (NX11 CAD),"Batavia, IL",https://jobs.aarp.org/job/senior-drafter-nx11-cad-batavia-il-aa14eb5d618eac68064eeb21263cf25cb,"Job DescriptionWe have a Contract role Senior Drafter (NX11 CAD) our client Batavia, IL . Please let me know if you or any of your friends would be interested in this position.The Position title: Senior Drafter (NX11 CAD)- RFP 306326-RG- Batavia, IL Work Location : Batavia, IL Project Duration : 6-12 months (possible extension) Job Description: The Seller shall provide a Senior Drafter to work in the Design/Drafting Group of the Accelerator Physics & Superconducting Technology Division of Fermilab. Requirements: The Senior Drafter will work onsite under limited supervision to prepare mechanical drawings utilizing NX11 and Teamcenter, correctly applying the ASME Y14.5-M-1994 (or higher) GD standard. This work will be done to support projects within APS-TD (PIP-II, LCLS-II, LCLS-II HE, Accelerator Support, LHC AUP, SRF, SC Magnets). The work will be done using Design/Drafting procedures, working to meet project schedules and other requirements, and will include working directly with the engineering staff working to complete drawings. Deliverables: Create and revise CAD drawings and using Teamcenter' s workflow process to release drawings. Deliverable Format and Quantity: 2D drawings are completed in NX11, managed in Teamcenter. Quantity will be directed by Fermilab for each task. Quality Assurance: Work shall be performed in accordance with the Fermilab QAM and APS-TD and Design/Drafting Procedures. All work will be reviewed, checked, and approved by Fermilab staff responsible for the specific task. Pre-requirements: Demonstrate acceptable proficiency in NX11 CAD via an interview through the ZOOM meeting portal A minimum of a 2 years of experience as Senior Drafter. Ability deliver a quality work product to deadline-driven projects If you are interested in this opportunity, please email your resume at and include posting 20-00287 i n your application. Also, you can call us at # to discuss this position in detail.About Generis Tek:Generis Tek is a boutique IT/Professio",,,,aarp_us,us,2021-09-01T00:00:00-04:00,OTHER,Design,Workflow / Support Operations
6ee1859240a8b2a0ba77ff535011874db,ViacomCBS,Adobe After Effects Specialist,"New York, NY",https://jobs.aarp.org/job/adobe-after-effects-specialist-new-york-ny-b8a3b2b3bf9f45f09e89222c0099a62fb,"CBS Studios is one of the industry s leading suppliers of programming with more than 70 series currently in production across broadcast and cable networks, streaming services and other emerging platforms.The Studio s expansive portfolio spans a diverse slate of commercially successful and critically acclaimed scripted programming, genre-defining franchises including the ever-growing Star Trek universe, award-winning late night and daytime talk shows, and an extensive library of iconic intellectual property. Paramount+ daily animated variety series TOONING OUT THE NEWS seeks an Adobe After Effects Specialist. The series is NYC-based with a remote workflow currently. TThis is a fast-moving daily animated show and all are expected to take an animation generalist approach and be able to jump into one or more additional tasks such as rigging, lipsyncing, puppet animating, etc, if the needs arise. TOONING OUT THE NEWS features a cast of animated characters covering top news stories and interviewing real-world guests, newsmakers, and analysts. The series is executive produced by Stephen Colbert and Chris Licht of CBS' The Late Show with Stephen Colbert and RJ Fried and Tim Luecke from Showtime's Our Cartoon President. Responsibilites:Composite quick effects like fire and smoke and change the lighting of a scene.Create and adjust layouts for many different views of the same backgroundWith PSD assets, rig and animate a character with simple but realistic movementsLearn one or more phase of the animation process using Adobe Character Animator (CH) and assist where neededMajor plus if you have Adobe Javascript experience for creating specialized scripts for After Effects Skills/Experience Needed:Strong knowledge of Adobe After EffectsAdobe Javascript experience is a major plusCompositing experience for live action or special effects for animationAbility to keep up with a fast workflow and maintain clean projectsAvailability to work eveningsUndergraduate degree or equivalent wo",,,,aarp_us,us,2021-09-01T00:00:00-04:00,OTHER,Design,Workflow / Support Operations
bc6cd3ecfcb7dae2cf29569e60907b1cb,Next Level Business Services,Adobe AEM Developer,"Pittsburgh, PA",https://jobs.aarp.org/job/adobe-aem-developer-pittsburgh-pa-d9050427b02b63adb8d9030e82268fb8b,"Position: Adobe AEM Developer Location:- Pittsburgh, PA (Remote for now/ Onsite from Sep 2021) Duration:- Long Term Contract Client:- Cognizant Interview :- Phone and WebEx VISA:- No H1-Transfer/OPT/CPT/GC-EAD (VISA Valid for next 5 Months) Job Description: Conception and implementation of enterprise content management solutions based on AEM Analysis of customer requirements and the creation of implementation concepts Independent development and implementation of innovative ideas Support with the transfer of the AEM into the development and operating environment of the EPD (AEM architecture and staging) Java-based development of release-capable AEM software components Implementation of the supplied web frontend HTML templates in AEM JSP templates Integration of Adobe Marketing Cloud systems such as Adobe Analytics, Adobe Target or Adobe Tag Manager Support of the product owner in the assessment of requirements with regard to AEM architecture, technologies, internal interfaces or connections to third-party systems Familiarity with the Java Content Repository API Knowledge of OSGi and its Declarative Services Familiarity with building tools, including Maven Knowledge of version control tools, especially Git Knowledge of Patterns and Good Practices to design and develop quality and clean code Knowledge of HTML, CSS, and JavaScript (preferably ExtJs and jQuery) Experience in pair programming and code reviews Experience with testing at all levels: unit, integration, functional, and performance Familiarity with task management, bug tracking, and wiki-based documentation tools like JIRA and Confluence Thanks & Regards, Aman Kumar Verma Next Level Business Services, Inc. Talent Solutions | Digital Transformation | Data Analytics Desk: +1 (904)-###-#### E-mail: ...@nlbservices.com | Web: www.nlbservices.com Hangout: ...@nlbservices.com An ISO 27001 and 20000-1 Certified & Minority Business Enterprise (CMBE)",,,,aarp_us,us,2021-09-01T00:00:00-04:00,OTHER,Design,Platform Operations
85f2f65de131edda801192526d889e44b,Nationwide Children&#039;s Hospital,Project Controls Advisor,"Columbus, OH",https://jobs.aarp.org/job/project-controls-advisor-columbus-oh-6ee1859240a8b2a0ba77ff535011874db,"Overview:Facility Documentation Project CoordinatorThe Facility Documentation Coordinator serves as the central auditor of construction project deliverables and is responsible for maintaining and updating NCH Enterprise-wide facility drawings and databases. This position serves as the primary ARCHIBUS Facility Management System & AutoCAD resource for NCH and supports NCH Engineering Managers to ensure consultant and contractor adherence to NCH standard formats for deliverables.Schedule: (Full time, Benefits Eligible) Location:Central Campus700 Children's DrColumbus, Ohio 43205Why Nationwide Children's Hospital?:Why Nationwide Childrens HospitalThe moment you walk through our doors, you can feel it. When you meet one of our patient families, you believe it. And when you talk with anyone who works here, you want to be part of it, too. Welcome to Nationwide Childrens Hospital, where Passion Meets Purpose.Here, Everyone Matters. Were 12,000 strong. And it takes every single one of us to improve the lives of the kids we care for, and the kids from around the world well never even meet.Kids who are living healthier, fuller lives because of the knowledge we share. We know it takesaCollaborative Cultureto deliver on our promise to provide the very best, innovative care and to fosternewdiscoveries, made possible by the most groundbreaking research. Anywhere.Ask anyone with a Nationwide Childrens badge what they do for a living. Theyll tell you its More Than a Job. Its a calling. Its achanceto use and grow your talent to make an impact thattrulymatters.Because here, we exist simply to help children everywhere.Nationwide Childrens Hospital. A Place to Be Proud.Responsibilities:Manages master files and databases using ARCHIBUS & AutoCAD for campus-wide physical infrastructure, utility, building and facilities documents, electronic files, and related archives, and keeps items updated for compliance and safety. May contract with outside vendors as work volume requires.Manages doc",,,,aarp_us,us,2021-09-01T00:00:00-04:00,OTHER,Design,Platform Operations
7cec4c718744db4eb0eb389016201bdcb,Linamar,CAD Drafter,"Arden, NC",https://jobs.aarp.org/job/cad-drafter-arden-nc-4f56234d90b747df30ef69c9d7218296b,"CAD DrafterThe CAD Drafter position, under general supervision, is responsible for carrying out drafting assignments of a routine to moderately complex nature. Additional responsibilities include converting product design sketches into working documents by digitizing with Computer Aided Design (CAD) to enable a CAD operator to complete related computer entry. In additon, produce complete drawings, review engineering drawings and support documentation.Powering Vehicles, Motion, Work, and Lives since 1966.Performance Expectations* Ensure all engineering documents are kept updated and record correct revision.* Completion of ECR's.* Design any data sheets that need to be implemented for documentation.* Prepare and log engineering drawings (process spec and tooling drawings).* Keep all Master files up to date.* Support program Managers and Program Engineers with the process documentation when necessary.* Create fully detailed engineering drawings that contain all necessary information required specifications.* Control/Update Plant Layout.Credentials* Post-Secondary Education in Engineering Design and Drafting Technology or in a related field.* Completion of a minimum three year apprenticeship program or minimum four years of related experience in addition to completion of college or industry courses in drafting.* Minimum two years of experience.* Ability to read schematics, assembly drawings, blueprints, product specifications and geometric dimensioning tolerance (GD&T).* Ability to decide presentation of additional design details to determine how construction or manufacturing employees will use them.* Possess expert knowledge of AutoCAD, SolidWorks, Pro Engineer or related 3D engineering modeling software, Corel Draw, Microsoft Excel and Word.Desired Characteristics* Ability to work independently and in a team environment to share opinions with appropriate personnel.* Ability to seek and obtain information clarification and feedback about drawings and to discuss project",,,,aarp_us,us,2021-09-01T00:00:00-04:00,OTHER,Design,Product Operations / Program
d338b7a533bc966333d77e4b16464d38b,Qualcomm,EDA/CAD SW Technical Lead,"San Diego, CA",https://jobs.aarp.org/job/eda-cad-sw-technical-lead-san-diego-ca-b8d1c454ff57b892921edbe114e08de7b,"Company:Qualcomm Technologies, Inc.Job Area:Engineering Group, Engineering Group > ASICS EngineeringJob Overview:Qualcomm is a company of inventors that unlocked 5G ushering in an age of rapid acceleration in connectivity and new possibilities that will transform industries, create jobs, and enrich lives. But this is just the beginning. It takes inventive minds with diverse skills, backgrounds, and cultures to transform 5Gs potential into world-changing technologies and products. This is the Invention Age - and this is where you come in.Qualcomm Technologies Incs Global CAD team develops tools, flows, and methodologies for different aspects of VLSI design. This position is about developing critical Firmware and CAD tools used in emulation and includes the following activities:* Work with industry-standard tools and technologies to develop solutions to a variety of infrastructure needs.* Develop critical emulation CAD algorithms that address unique Qualcomm SoC needs.* Drive compute and storage optimization.* Design and Implement critical firmware for custom emulation hardware* Mentor and lead other members of the teamRequired:* 10+ years SW development, CAD tool development, ASIC and/or emulation design and implementation, or related work experience.Minimum Qualifications:* Bachelor's degree in Science, Engineering, or related field.* 7+ years ASIC design, verification, or related work experience.Preferred Qualifications:* 10-15 years of relevant experience* 10+ years of direct hands-on experience with C++ and Python* 10+ years of hands-on experience with Linux* 10+ years of direct hands-on experience with CAD SW development* Demonstratable knowledge of data structures, algorithms and design patterns* Experience in the areas of RTL Synthesis (System Verilog -> Netlist), Clock Tree Optimization, Clock gate conversion* Knowledgeable of agile project management principles and practices.* Excellent interpersonal and analytical skills with the ability to work independent",,,,aarp_us,us,2021-09-01T00:00:00-04:00,OTHER,Design,Analytics / Business Operations
8bcf1e50b37d64e757dad5a79f8f89ecb,Metric Theory,Digital Editor/Animator,"Denver, CO",https://jobs.aarp.org/job/digital-editor-animator-denver-co-bb0f4f3a15f7d0100d41353ce330484ab,"Metric Theory is looking to expand our creative service capabilities by hiring a full-time Digital Editor / Animator. Reporting to the VP of Creative Services, you will be a trailblazer helping to build the creative offering for a top performance marketing agency. You will partner with our Accounts Services team and alongside clients to develop creative that delights and drives results.This is a newer service offering for Metric Theory, so you will be on the ground floor of building a team that will grow heftily into the future. We are seeking someone who is a fast, flexible go-getter with a sharp eye, adept skills, and the drive to deliver top-notch creative for our clients.Creative Responsibilities include:* Helping translate creative/client briefs into direct response video and animation assets for paid platforms (Facebook, Google, Instagram, LinkedIn, YouTube, etc.), webpages, email and other digital mediums - both net-new and from existing client materials.* editing and animation, animation responsibilities constitute a mix of producing motion graphics and animated banners, net-new and from existing client materials* Scrubbing existing client creative assets and searching for stock footage, finding key moments to create performance-focused video assets in various channel-specific aspect ratios.* Helping create video edits and animations to kickstart new projects and win pitches.* Developing and safeguarding client style guides in digital asset creation.* Exceeding client creative asks for the sake of media performance, producing digital assets to best-practice and in line with the project objectives and requirements.* Possessing an understanding of direct response media and creative execution for the sake of performance, along with a willingness to learn paid media strategy generally.* Willingness to understand and develop the Metric Theory brand, working with our internal marketing team to help build infographics & creative for the Metric Theory website, eBook",,,,aarp_us,us,2021-09-01T00:00:00-04:00,OTHER,Design,Analytics / Business Operations
2017b6a809e9ba2071642a2e18e4891eb,Dynamic Computing Services,CADD Support Analyst,"Austin, TX",https://jobs.aarp.org/job/cadd-support-analyst-austin-tx-48b2eb57f2508c42899fbf99e24339f1b,"TITLE: CADD Support Analyst LOCATION: Austin, TX / REMOTE DURATION: Initial 12 month contract with extensions NUMBER OF OPEN POSITIONS: Two (2) POSITION DESCRIPTION: Provide operation, management, and support for computer aided design and drafting applications (CADD), roadway design applications, imagery (3D imaging support), civil design, modeling support, and general engineering services. REQUIREMENTS: * 3 years experience in support of MicroStation / GEOPAK / ProjectWise / Open Roads Designer * 3 year experience in enterprise software implementation and deployment * 3 years of Software package creation and deployment experience * 3 years experience as a SME for CADD tools and provides extensive support for the tools and business * 3 years experience providing guidance to end users based on analysis of hardware, software and technologies associated with CAD workflows",,,,aarp_us,us,2021-09-01T00:00:00-04:00,OTHER,Design,Workflow / Support Operations
5b51b9037b39384b21cc5ca7d2c3912bb,Frida,Senior Industrial Designer,"Miami, FL",https://jobs.aarp.org/job/senior-industrial-designer-miami-fl-7b84ad8fbf6bb1ed1a9ed8d3db646d2eb,"Role Overview Frida is looking for a Senior Industrial Designer to join our Product Development team based in Miami, FL. Reporting to the VP of Product Development, the selected candidate will lead a wide array of projects, developing ideas into the design of new products with an emphasis on the aesthetic and user interface aspects of the design and manufacturability of each concept. The Senior Industrial Designer will own the creation of sketches, renderings, CAD models, prototypes, and prints to support engineering and manufacturing efforts. Core Responsibilities Pre-Design Gather and analyze information skillfully; researching markets, consumer trends, and products in the baby product industry; reporting insights through visualizations Perform research on appearance, function, serviceability, budget, production costs/methods, and market characteristics of the product to be designed Understand end-user requirements as a result of direct end-user research in which this position would actively participate Provide ongoing feedback and guidance to other team members as part of the peer collaboration process Design & Development Design utilizing input from the customer insights and strategy teams, taking into consideration manufacturing capabilities and limitations. Incorporate the Frida design language across platforms of products designed Responsible for integrating aesthetic, ergonomic, and anthropometric requirements within the design of user-friendly products that attract consumers Maintain an organized design database Create manufacturing friendly CAD and mechanical drawings for project development and production understanding production constraints and materials Work within budgets and tight deadlines Support manufacturing and production processes as required Work directly with our quality manager to ensure that accuracy and quality standards are met Design Aids Draft sketches and illustrations of potential products Create 3D renderings for internal design revie",,,,aarp_us,us,2021-09-01T00:00:00-04:00,OTHER,Design | Accounting/Finance,Analytics / Business Operations
cb7c1363979ecc0bdfa5c409093c4509b,Zenimax Media,Senior Technical Animator,"Cockeysville, MD",https://jobs.aarp.org/job/senior-technical-animator-cockeysville-md-15e9bd8562fa8ac90575916662a19d44b,"Overview: We are seeking a skilled Technical Animator to help further develop our animation pipeline. The focus of this position will be on runtime animation integration and animation handling in the pipeline.You will work with animators to develop blend graphs that produce smooth, AAA quality animation, seamlessly combining animated motion with various runtime input sources. Youll help define animation related workflows and systems, and youll assist animators in all technical aspects of animation production. Working with multiple disciplines to identify effective solutions, you will serve as a communicator with the goal of ensuring all involved parties have a common understanding of the system and our shared goals.Preference will be given to candidates who have experience writing animation authoring tools (in Max, Maya, etc.), though this is not the primary area of coverage. If you have experience programming in any form, this is a huge plus. If you have experience with MOCAP that is also beneficial. If you are technical, highly motivated and passionate about animation, please apply for this position. Its an uncommon opportunity. Responsibilities: Work closely with Animation, Design, and Engineering to develop the means by which these groups interact with animation dataPlay a positive, proactive role in communication between all involved departmentsAdvocate for Animation while maintaining attention to performance issuesProvide ongoing support and training to Animation throughout production cycleCommunicate, promote, and document animation related processes and best practicesHelp to identify tools that will make managing large amounts of animation possible Qualifications: 5 or more years industry experience3-5 years runtime animation system experience (can overlap with industry experience)Professional experience working with 2 or more animation pipelinesA Bachelors degree in an art-related disciplineStrong technical skillset and love of getting hands dirtyStrong und",,,,aarp_us,us,2021-09-01T00:00:00-04:00,OTHER,Design,Platform Operations
2b545a51b9b3109ceae50c39578ee5dbb,"Stanley, Black and Decker",Industrial Designer - 3D Surfacing,"Towson, MD",https://jobs.aarp.org/job/industrial-designer-3d-surfacing-towson-md-8619b68a0704f243f92c10513cbe1e39b,"Industrial Designer - 3D Surfacing Towson, MD Make Your Mark. Shape Your Future. It takes great people to achieve greatness. People with a sense of purpose and integrity. People with a relentless pursuit of excellence. People who care about making things better For Those Who Make The World. Sound like you? Join our top-notch team of 54,000 professionals in 60 countries who are making their mark on some of the world s most beloved brands, including DEWALT, CRAFTSMAN, STANLEY, BLACKDECKER, IRWIN, LENOX and more. As a member of the Industrial Design Surfacing Team, you will work closely with talented and experienced Designers, Engineers and Program Managers to provide critical 3D CAD productivity. Daily duties will entail creation of 3D CAD surface models using a variety of surfacing tools in CATIA V5 to support new product development projects and concepts. What You ll Do As a 3D Surfacer, you ll be part of our Global Tools & Storage team located in Towson, MD. You ll get to: Create parametric surface models of new products and new product families using GSD workbench in CATIA that are adaptable to change as design evolves Employ Data Reuse techniques to help maximize efficiency and quality of throughput Manage time effectively to support multiple projects concurrently Adhere to company 3D modeling best practices Use a PDM system to manage 3D CAD data Meet product schedule deadlines Who You Are You always strive to do a good job but wouldn t it be great if you could do your job and do a world of good? You care about quality at every level. You love to learn and grow and be acknowledged for your valuable contributions. You re not intimidated by innovation. In fact, you embrace it. You also have: BS, BA or equivalent in Industrial Design/Engineering/Product Design or similar URL to an ONLINE PORTFOLIO must be included in resume and/or cover letter. Experience in 3D CAD packages with a focus on Surfacing (CATIA V5 preferred) Understanding of manufacturing requirements, a",,,,aarp_us,us,2021-09-01T00:00:00-04:00,OTHER,Design,Product Operations / Program
90ebf8fbc8092c6479d6bd845e2cfbd3b,Viva USA,Drafter-CAD Operator,"Batavia, IL",https://jobs.aarp.org/job/drafter-cad-operator-batavia-il-cdadd3b41583fdee745d7649892c4305b,"Description : The Seller shall provide a Senior Designer to work in the Design/Drafting Group of the Accelerator Physics & Superconducting Technology Division . Requirements: The Senior Drafter will work onsite under limited supervision to prepare mechanical drawings utilizing NX11 and Teamcenter, correctly applying the ASME Y14.5-M-1994 (or higher) GD standard. This work will be done to support projects within APS-TD (PIP-II, LCLS-II, LCLS-II HE, Accelerator Support, LHC AUP, SRF, SC Magnets). The work will be done using Design/Drafting procedures, working to meet project schedules and other requirements, and will include working directly with the engineering staff working to complete drawings. Deliverables: Create and revise CAD drawings and using Teamcenter s workflow process to release drawings. Deliverable Format and Quantity: 2D drawings are completed in NX11, managed in Teamcenter. Quantity will be directed by the client for each task. Quality Assurance: Work shall be performed in accordance with the the client QAM and APS-TD and Design/Drafting Procedures. All work will be reviewed, checked, and approved by the client staff responsible for the specific task. Pre-requirements: Demonstrate acceptable proficiency in NX11 CAD via an interview through the ZOOM meeting portal Autocad experience A minimum of a 2 years of experience as Senior Drafter. Ability deliver a quality work product to deadline-driven projects VIVA is an equal opportunity employer. All qualified applicants have an equal opportunity for placement, and all employees have an equal opportunity to develop on the job. This means that VIVA will not discriminate against any employee or qualified applicant on the basis of race, color, religion, sex, sexual orientation, gender identity, national origin, disability or protected veteran status.",,,,aarp_us,us,2021-09-01T00:00:00-04:00,OTHER,Design,Workflow / Support Operations
0b07d7f986818ad6b6907cbca2e0154fb,Sandia National Laboratories,Computer Aided Design Technologist (Experienced),"Albuquerque, NM",https://jobs.aarp.org/job/computer-aided-design-technologist-experienced-albuquerque-nm-7fcf64b221f1cafb51bbef0b8b7f5765b,": This posting will be open for application submissions for a minimum of seven (7) calendar days, including the posting date . Sandia reserves the right to extend the posting date at any time. : You could be the CADD Technologist we are seeking to join our dynamic team of engineers and scientists developing leading-edge technologies in Pulsed Power Sciences. Are you passionate about mechanical design and the creation and configuration management of 3D models, detailed drawings, layouts and illustrations? If so, you will want to consider this opportunity to design new components applying engineering principles and processes to satisfy fit, form and function requirements in collaborative environment with engineering and design partners! On any given day, you may be called on to: + Create 3D models and drawings to build next generation accelerators such as Z-Next (NGPPF) + Partner with engineers and scientist in developing designs + Support daily requirements in operation and maintenance of existing accelerators, to include the Z Machine + Work successfully across a wide variety of technical teams + Collaborate with procurement, manufacturing and suppliers to discuss design, schedule, manufacturing processes and materials selections to ensure contractual agreements are understood and achievable + Manage documentation in collaborative engineering environment utilizing product data management tools along with engineering authorization and approval processes and procedures Join our team and achieve your goals while making a difference! Required: + High school diploma or equivalent and three or more years of relevant experience + Experience in creating mechanical product design definition to include 3D solid models and mechanical drawings + Experience with Solidworks and/or PTC/CREO, PDMLink (Windchill) and Geometric Dimensioning and Tolerancing (GD) + Ability to obtain and maintain a DOE Q Security Clearance Desired: + Associate degree in Mechanical Engineering Technology",,,,aarp_us,us,2021-09-01T00:00:00-04:00,OTHER,Design | Accounting/Finance,Analytics / Business Operations
47692cf861f5d116c21f83ca8ea10242b,Coda Search Staffing,Production Artist (Catalog),"Elmsford, NY",https://jobs.aarp.org/job/production-artist-catalog-elmsford-ny-6d81232a438d2c579621703d20be8342b,"Our client, a large publicly traded retailer, is seeking a Production Artist that specializes in page layouts in InDesign, specifically using Mac. Title: Mac InDesign Page Layout Production Type of role: Temp Location: Remote (with the exception of picking up company laptop and desktop in West Chester County, NY and returning it to the office when the assignment is over). Schedule: This project requires a commitment of 30 to 40 hours per week beginning this Fall through approximately late November (or late October). Job Details: Must be highly proficient in InDesign for Mac (CC2019) with a working knowledge of Adobe Photoshop and Adobe Illustrator. Production experience a must. No design work required...this is strictly a production position. Once trained in our workflow & style, you will complete daily assignments from your home with set deadlines. Temp page layout production person needed for fast-paced catalog production department. Must reside within driving distance to the Elmsford location because candidate will need to pick up one of our Mac computers in order to have secure access to our servers, network and Microsoft Teams (the main source of communication with the dept) and then return the mac at the end of the project. The temp cannot use their own Mac. Regular, daytime working hours. The successful candidate must be flexible due to unforeseen changes in schedule. (in other words, there might be some days here and there where we won't have pages ready for them to work on but will pick up again the following day or so - this doesn't happen too often but it certainly possible).",,,,aarp_us,us,2021-09-01T00:00:00-04:00,OTHER,Design,Workflow / Support Operations
11be8f206b9082e00c47f9af75934af9b,BP,CAD Designer,"Illinois City, IL",https://jobs.aarp.org/job/cad-designer-illinois-city-il-c54ba5a1f2cbbf908434b408b663e0d1b,"Job Profile Summary Responsible for supporting the delivery of safe, optimal and environmentally sound operations, whilst developing technical and analytical capabilities. Job Advert The CAD Designer roles will report directly to the Documents and Records team. The positions will support management of change across engineering drawings according to Pipelines and Terminals general practices and standards. Support of theses drawings ensures regulatory compliance, safety, and reliability across our assets. Key accountabilities Manage and guide outside resources on CAD and BIM standards BIM Execution planning & CAD Standards development/maintenance Assist internal clients with migration of existing data to latest Autodesk technologies Deliver training on drawing submittal process, as-building, data collection, and CAD Management Oversee and support CAD software/hardware troubleshooting to resolution Present on technical solutions and relate them to pipeline and logistics business issues Script programming of Autodesk products Assist with collaboration efforts utilizing cloud-based services Provide Technical Support to internal customers Education Minimum of a high school diploma, GED or equivalent education Essential experience At least 5 years of practical experience in Computer aided Drafting application within the Oil and Gas industry Direct experience with the process, workflow, and use of AutoCAD Civil 3D and related technologies, from conceptual design thru construction of complex engineering projects Proven successful implementations of BIM platform technologies Experience in BIM Execution planning & CAD Standards Experience in providing requirements for Geodetic Survey Desirable criteria Associates or Bachelors in Engineering Science, Computer Science, or related technical education At least 10 years of practical experience in Computer aided Drafting application within the Oil and Gas industry Experience with integrating CAD documents with Enterprise Document Ma",,,,aarp_us,us,2021-09-01T00:00:00-04:00,OTHER,Design,Platform Operations
282ecd0789bf31b3dc2f80620342e388b,Vitalant,"Director, Procure to Pay Process","Scottsdale, AZ",https://jobs.aarp.org/job/director-procure-to-pay-process-scottsdale-az-a6f39384759ae1f742924b248d32f88cb,"PRIMARY PURPOSE: The Director, Procure to Pay Process is responsible for the direction and results of the Accounts Payable function. Responsible for the ongoing planning and design in order to automate and streamline the process as well as enhance the support of Vitalant's business objectives and compliance requirements. Director will partner directly with Supply Chain, Accounting, Financial Planning & Analysis, Legal, and other relevant stakeholders. This role is accountable for transforming, implementing and sustaining P2P processes and programs across the organization to ensure an effective, efficient and controlled way of operating locally, regionally and nationally, across business lines. This position will focus on achieving enterprise-wide goals, aligned with Finance Stakeholders and Business Partners. This leader will be accountable to motivate, coach and develop the Accounts Payable team member to deliver on goals and drive process improvements. This role will partner with broader Finance teams in new program development providing insight and guidance on process design and system capability. DUTIES AND RESPONSIBILITIES: Performs all assigned duties in compliance with internal SOPs and external regulations. Brings compliance issues to the attention of management. Assures quality customer service to all customers. Hires, supervises, mentors, trains, develops, and evaluates performance of assigned staff. Identifies and effectively resolves employee issues. Define enterprise process design, the service delivery model and the process roadmap for the Procure to Pay process. Own end-to-end detailed processes delivery, including how the process should be operated with regards to people, process and technology, looking broadly to design one enterprise standard. Accountable for designing the processes delivered by 3rd party providers in order to meet the agreed outcomes. Own the process-specific service performance management; review metrics and manage performance ag",,,,aarp_us,us,2021-09-01T00:00:00-04:00,OTHER,Executive,Platform Operations
de8ace80cd102db4581dc93eae52c097b,Octapharma Plasma,Donor Center Director- Octapharma Plasma,"Fort Worth, TX",https://jobs.aarp.org/job/donor-center-director-octapharma-plasma-fort-worth-tx-5f4a7c2c8dedcd11981dd930ccbe9580b,"How to Maximizeyour opportunity to do rewarding work,your future leadership potential,and your career growth? Join an industry leader.[Become one, too!] Octapharma Plasma offers professional opportunities that make a meaningful difference. We enhance the lives of patients who need our life-saving medicines. We reward the donors who provide the plasma we collect to make them. And we inspire growth and development in the teams at our donation centers, offices, and labs. We invite you to do the same in this role: DONOR CENTER DIRECTOR This Is What You ll Do: Oversees donor center staff and operations, including production, quality compliance, finance, HR, and IT. Acts as a liaison with all corporate functions to ensure center compliance and performance. Maintains a thorough understanding of state and federal regulations (e.g. FDA approved Standard Operating Procedures, OSHA, CLIA, and GMP) to maintain the highest production standards and ensure facility compliance. Complies with federal, state, local and company-specific regulations related to quality of product, employee and donor safety and to the proper performance of day-to-day activities. Ensures that product shipments and sample submissions are accurate and performed in accordance with shipping schedules. Maintains a professional and courteous relationship with donors that will stimulate donor retention, referrals, and production growth. Ensures projected production budget is met in both quantity and potency. Trains, develops, and manages all staff in accordance with the Human Resources and company policies and other established management guidelines and regulations. Creates an organizational environment that stimulates the morale and productivity of the work force and its leadership. This Is Who You Are: A natural leader who displays strong character and integrity People person extending to a diverse group of individuals and demographics Outgoing, personable, energetic, and enthusiastic Excited to teach, learn, ",,,,aarp_us,us,2021-09-01T00:00:00-04:00,OTHER,Executive,Platform Operations
749cd4bd9410731a8209851fbb4c210eb,Comcast,"Director, Ethernet Connectivity Program Management","Philadelphia, PA",https://jobs.aarp.org/job/director-ethernet-connectivity-program-management-philadelphia-pa-93bc9ee53332ce54cb50f0abb13e2b5eb,"Comcast Business offers technology solutions ranging from Ethernet, internet, and WiFi connectivity to voice, television, and managed Enterprise solutions to power businesses of all sizes to perform better. From small businesses to mid-market and large Enterprise organizations, Comcast Business serves business customers across the country. Powered by an advanced, Gig-speed network and backed by 24/7 technical support, Comcast Business is one of the largest contributors to the growth of Comcast Cable. The organization is the nation s largest cable provider to small and mid-size businesses and has emerged as a force in the Enterprise market, recognized by leading industry associations as one of the fastest growing provider of Ethernet services."" Job Summary The Director, Ethernet Connectivity Program Management will be responsible for end to end program management of Ethernet Services, WiFi, Comcast network infrastructure deployments as well as network telemetry reporting. He/she will work across the Comcast Business organization, Engineering, Systems Development and engage outside vendors while representing assigned products to drive program goals, milestones and deliverables.Reporting to the Director, IP Network Planning & Implementation, he/she will be a key member of the Comcast Business Connectivity Product team. Job Description Core Responsibilities Execute the Strategic Vision for Ethernet Services while driving programs around Pricing, Product Offer and SLAs Align stakeholders on major infrastructure deployments to implement increased network performance targets Deploy Next Gen Network performance visualization platform Drive enhancement to current Ethernet serviceability tooling including developing dynamic information gathering of fiber inventory Work closely with Carrier and Offnet partners to align continued network improvement with updated performance characteristics of overall Ethernet product set Coordinate device needs to ensure delivery of continued i",,,,aarp_us,us,2021-09-01T00:00:00-04:00,OTHER,Executive,Product Operations / Program
35512c6abf96799f1a7457ad2019b659b,NYU Langone Health,Administrative Director-Neurology (Brooklyn),"Brooklyn, NY",https://jobs.aarp.org/job/administrative-director-neurology-brooklyn-brooklyn-ny-86770cf2b7454ea176e3a739c934943cb,"NYU Langone Hospital - Brooklyn is a full-service teaching hospital and Level I trauma center located in Sunset Park, Brooklyn. The hospital is central to a comprehensive network of affiliated ambulatory and outpatient practices, and serves as NYU Langone Health's anchor for healthcare access, growth, and delivery in the entire borough. Learn more about NYU Langone Hospital Brooklyn, and interact with us on LinkedIn, Glassdoor, Indeed, Facebook, Twitter, YouTube and Instagram. Position Summary: We have an exciting opportunity to join our team as a Admin Director-Neurology. In this role, the successful candidate Position is accountable for the day-to-day operations of the Department of Neurology- Brooklyn. This includes maintenance of adequate resources, including staff; development and implementation of policies, procedures, and systems for smooth patient flow and management of the environment. Facilitates the administration process of clinical and departmental activities (e.g., facilitates the administrative process of recruiting and on-boarding process, maintaining records, compiling and monitoring the master schedule for meetings; monitoring and developing budget; coordinating seminars, training programs and other related activities). Works with internal and external parties to organize the various components needed to initiate, run and complete major projects. Administers and manages a variety of administrative and research-related projects (gathering, collecting and data analysis) to support the Department. Reports to the VP, Neurology and Chief of Neurology, Brooklyn. Job Responsibilities: OVERSIGHT AND IMPLEMENTATION OF DEPARTMENTAL/ORGANIZATIONAL GOALS In conjunction with Departmental leadership, establishes and monitors goals, objectives and service standards for the Department. Specific initiatives for which Administrator has responsibility includes: HRO Rounds and Patient Experience review and other initiatives as designated. Guides departmental activitie",,,,aarp_us,us,2021-09-01T00:00:00-04:00,OTHER,Executive,Platform Operations
215a9e1a8f88d7b4e24fff3340fbd982b,Adecco,Director of Intake,"Kirkland, WA",https://jobs.aarp.org/job/director-of-intake-kirkland-wa-02c7f3944c3ed36eec21d22481c943d0b,"The Director of Intake is accountable for the oversight and direction of the hospital's Admissions Department. As a Clinician, this position provides direction to a staff of specialists in the provision of patient access to care and behavioral health assessment services, including call management, clinical evaluations for level of care, crisis intervention, admissions and referrals. This position interfaces closely with the hospital's medical staff, nursing staff, fellow department heads, and administration, as well as external referring agencies and payers. The Intake Director is responsible for the department's budget, policies and procedures, regulatory compliance, service excellence, and data management/analysis. In addition, the Intake Director participates with the senior leadership team in the development and management of processes related to the hospital's strategic goals. The Director of Intake reports directly to the hospital's CEO. Education: Master's Degree from an accredited college or university in social work, psychology, mental health, or related field required. Will also consider candidates that possess a graduation from an accredited program of professional nursing. Experience: A minimum of five (5) years direct clinical experience in a psychiatric or mental health setting desirable. Working knowledge of the Addiction & Recovery field and experience in clinical interviewing, patient assessment, family motivation, treatment planning, communicating with external review organizations or comparable entities, and working effectively with people of diverse backgrounds. Must have strong management skills with ability to effectively communicate with staff, ensuring proper employee performance management. Licensure: R.N., L.C.S.W., L.M.S.W., LPC or applicable license. Job Type: Full-time Equal Opportunity Employer/Veterans/Disabled To read our Candidate Privacy Information Statement, which explains how we will use your information, please navigate to The C",,,,aarp_us,us,2021-09-01T00:00:00-04:00,OTHER,Executive,Platform Operations
55669d63bc820c55baf1bf6da5ba14e5b,Ulta Beauty,"VP, IT Guest Applications- Ulta Beauty","Bolingbrook, IL",https://jobs.aarp.org/job/vp-it-guest-applications-ulta-beauty-bolingbrook-il-d495919148a595cc3b6dca6f1174fad3b,"OVERVIEW Live the experience. From professional empowerment to continual learning opportunities. From ongoing investment in new and emerging technologies to a career of self-determination. At Ulta Beauty, our tech team is critical to our scalability and is recognized that way. We ve been defined as a mature start-up. A place where interdepartmental exposure, open doors, and genuine collaboration is ubiquitous. Where challenges come fast and furious, requiring agility, mental dexterity, and creativity. Where our passion for better solutions drives us and is core to who we are. We re engineering for the future of retail, and it s no-holds-barred. But for those motivated by continual change and ambiguity, by superior leadership, by whip smart colleagues who will press you daily for your very best, you ll find that virtually nothing s impossible at Ulta Beauty. THE IMPACT YOU CAN HAVE: The Vice President, Guest Applications will be a key information technology (IT) executive overseeing a large portfolio of technology applications for Ulta. This executive will be responsible for leading a high performing team focused on the applications portfolio that supports stores, eCommerce, marketing and data/analytics (integration). As a result, this is an extremely visible, highly critical, technology and leadership role. S/he will design, build, and support the capabilities that will be critical to the attainment of Ulta s strategic business objectives. CORE JOB RESPONSIBILITIES: The VP, Gust Application is responsible for the design, build and support functions for the guest-facing application development portfolio and will collaborate closely with senior cross-functional business leaders to ensure the continuous delivery of business value. Lead the evaluation and adoption of new technologies (own the decision process), including defining the capability roadmap needed to accomplish Ulta s strategic business objectives. Embrace and promote a culture of user centricity, speed and ",,,,aarp_us,us,2021-09-01T00:00:00-04:00,OTHER,Executive,Platform Operations
b800ff4c430388e7b857301b84cc11cab,Leadsmarket,Chief Operating Officer,"Hialeah, FL",https://jobs.aarp.org/job/chief-operating-officer-hialeah-fl-c059a43fca56e8df97577c00fd0a82a1b,"Job Description ""Chief Operating Officer"" Summary:The Chief Operating Officer position provides the leadership, management and vision necessary to ensure that the company has the proper operational controls, administrative and reporting procedures, and people systems in place to effectively grow the organization and to ensure financial strength and operating efficiency. The position accomplishes this through a respectful, constructive and energetic style, guided by the objectives of the company.Responsibilities:Collaborate with the management team to develop and implement plans for the operational infrastructure of systems, processes, and personnel designed to accommodate the rapid growth objectives of our organizationRun the day-to- day operations of the companyDocument internal processes using flow charts and improve each processMonitor process improvement KPIs and report on progressGrade each employee performanceCompile list of projections and organize implementation processTrack process of project completionImprove new buyer or vendor on boarding process and measure this process using six sigma methodsAct as a point of contact between Sales Department and IT DepartmentSpecific tasks may change as the needs of the business progress.Requirements:Master's Degree (preferred) Bachelor's degree (required) in business or related field5+ years' of strong operational experienceSkilled in organizational development, personnel management, budget and resource development, and strategic planning.Excellent people skills, with an ability to partner with a dynamic leadership team.Flexible and able to multitask; can work within an ambiguous, fast-moving environment, while also driving toward clarity and solutions; demonstrates resourcefulness in setting priorities and guiding investment in people and systems.About LeadsMarket:We are a technology company that operates a platform where buyers and sellers buy and sell leads, calls and clicks.This platform operates like a marketplac",,,,aarp_us,us,2021-09-01T00:00:00-04:00,OTHER,Executive,Analytics / Business Operations
7391a47e54b063c633f51940c555fe91b,D. Hilton Associates,Senior Vice President of Member Experience - Rogue Credit Union,"Medford, OR",https://jobs.aarp.org/job/senior-vice-president-of-member-experience-rogue-credit-union-medford-or-908710aebf711aafcd3499e1fbcdc232b,"Position SummaryRogue Credit Union is in search of a highly motivated and experienced individual for the role of Senior Vice President of Member Experience. Reporting to the COO, this position will be responsible for overseeing the member services division of Rogue Credit Union and will implement changes and improvements to member touchpoints, various channels of communication throughout the organization, creating transparency in members' wants and needs, and providing exceptional products and services to the credit union's membership. Additionally, the position will enhance internal retail and operational processes, member delivery channels and infrastructure, and leading sales and service initiatives to ensure high levels of member service is provided. This person should possess a passion for member services and should be an inspiring and creative leader for their team. The ideal candidate will exhibit exceptional communication skills, business acumen, leadership abilities, and must have a proven track record of perpetual organizational improvements. Further, this individual must be personally aligned with the values and culture of Rogue; Rogue Credit Union is member-centric, and as such, is here to create a positive impact in the lives of its membership. A Bachelor's degree and five to ten years of experience are required, Master's degree or graduation from Western CUNA Management School is preferred. Company ProfileRogue Credit Union is a full-service credit union that serves over 150,000 members and have assets totaling over $2 billion. Beginning in the Jefferson Elementary Cafeteria and operating out of founder Jim Johnsons living room, Rogue Credit Union is now one of the largest credit unions in Oregon. The local community has and will always be important to the credit union and they are committed to ensuring that they continue to receive the best financial services that they can. Membership to Rogue Credit Union is open to those who live or work in Southern",,,,aarp_us,us,2021-09-01T00:00:00-04:00,OTHER,Executive,Analytics / Business Operations
de1fc285eb8b0ddaf196ce2ca47522dfb,Diamond Healthcare Corporation,Executive Director Interim,"Richmond, VA",https://jobs.aarp.org/job/executive-director-interim-richmond-va-0f3fe380acbf4d03e610d607579131cab,"OverviewSEEKING PROFESSIONALS FOR FUTURE INTERIM ASSIGNMENTS - NATIONWIDEDiamond has nationwide, interim positions for Behavioral Health professionals. Work occurs on location at contracted hospital program(s). Interim assignments vary in duration and may lead to full time employment opportunities. The Executive Director / Director of Behavioral Health position is an exciting opportunity to service the community and work collaboratively with Diamond Healthcare and hospital leadership. Reporting directly to hospital administration, this is a highly visible position with strategic responsibility. Apply today if you are dedicated to exceptional patient care, cutting edge services, and executive level professionalism. Requirements/QualificationsThe ideal Executive Director candidate will be a compliance driven leader with a strong focus on safety, quality, and integrity. Master's Degree preferred (Business, Psychology, Nursing, or Healthcare Related field) 5+ years leading a successful and profitable inpatient behavioral health program Working knowledge of State, CMS, and TJC accreditation standards Understanding of / ability to operate under a contract management arrangementAreas of experience: Budgeting and financial management Referral development Enforcing compliance measures Establishing resources to achieve program goals and effectiveness Personnel management Program analysis and evaluationExecutive Director - Behavioral HealthEOE - We are committed to having a workforce that reflects diversity at all levels and are an equal opportunity employer. Qualified applicants are considered for employment, and employees are treated during employment without regard to race, color, religion, national origin, citizenship, age, sex, sexual orientation, gender identity, marital status, ancestry, physical or mental disability, veteran status, or any other characteristic protected under applicable law.",,,,aarp_us,us,2021-09-01T00:00:00-04:00,OTHER,Executive,Platform Operations
e37302960e28ff592dcc62a085445cf4b,Mission Lane,"Director of Engineering, Digital Banking (Remote Friendly)","Washington, DC",https://jobs.aarp.org/job/director-of-engineering-digital-banking-remote-friendly-washington-dc-52d2b5494eb8b3bbda74f96f86f401e1b,"Mission Lane LLC is a fintech on a mission (no pun intended) to increase access to financial tools that help people thrive. We are raising the bar on fair credit access, easy money management, and convenient income discovery. Our philosophy is simple: when our customers do well, we do well. And we have only just begun. Mission Lane s Engineering Department is looking for an Engineering Director of Digital Banking to join us in our brand new Scott s Addition headquarters based in Richmond, Virginia or in our San Francisco, California office. (Non-local candidates should be willing to travel to our headquarters on occasion) OUR TECH Our core stack includes - JavaScript / TypeScript / Node.js / React / React Native / Kotlin / Java / PostgreSQL / Kubernetes / GCP The Impact You ll Make In This Role The Engineering Director will be a part of the Software Engineering team, working with the Mission Lane Engineering Leadership to implement outstanding products for the servicing team. They will design, execute, utilize and maintain software engineering servicing applications, assign work to software engineering team members, evaluate and manage their performance, and support to recruit engineering personnel, technical staffing and project teams formation. So, what does a typical day look like for a Mission Lane Engineering Leader? Own and drive the strategic vision and roadmap for engineering and technology focus areas, spearheading key initiatives and driving cross-functional alignment and progress Lead cross-functional teams in close partnership with Product and Design to create and build functionality that enhance our products and services Recruit for and scale our engineering team with world class talent by contributing to the sourcing, screening, and interviewing of engineering candidates Be a direct manager of software engineers, architects, and engineering managers Work with our business leaders and product teams to fulfill our deliverables roadmap Build relationships",,,,aarp_us,us,2021-09-01T00:00:00-04:00,OTHER,Executive,Analytics / Business Operations
fe32b22576540b0d36ca4582746ce11eb,Momentive.ai,"Senior Director, Inside Sales","Portland, OR",https://jobs.aarp.org/job/senior-director-inside-sales-portland-or-7391a47e54b063c633f51940c555fe91b,"Who We Are And What We Do Momentive (formerly SurveyMonkey) is a leader in agile experience management, delivering powerful, purpose-built solutions that bring together the best parts of humanity and technology to redefine AI. Momentive products, including GetFeedback, SurveyMonkey, and its brand and market insights solutions, empower decision-makers at 345,000 organizations worldwide to shape exceptional experiences. More than 20 million active users rely on Momentive to fuel market insights, brand insights, employee experience, customer experience, and product experience. Ultimately, the company's vision is to raise the bar for human experiences by amplifying individual voices. Learn more at momentive.ai. More about our BDR Organization Our Business Development Rep (BDR) organization proactively prospects to executive buyers and decision makers in our target accounts to showcase to prospects how Momentive's suite of products can help their organization actively look for insights, ingest feedback from their members, and make decisions based on data. This team of over 125 individual contributors and leaders represents the future of the Momentive sales organization.What we're looking forYou will grow and lead a team of 125, including directors, managers, and individual contributors who prospect, build sales pipeline, and increase bookings for Momentive. You will guide the strategy, set goals, motivate the team, develop managers and directors, and build a repeatable, predictable, and scalable model to help hit multi-product bookings targets. As a senior sales leader, you'll partner with other leaders across Marketing, Recruiting, Sales Enablement, and Sales Operations to create growth strategy and achieve sales targets. Additionally, you will lead the charge on improving sales processes, operations, and performance metrics for the Business Development team. This senior leadership role is essential to driving future growth for Momentive and reports to the VP of Global ",,,,aarp_us,us,2021-09-01T00:00:00-04:00,OTHER,Executive,Workflow / Support Operations
565141948df462617d6a5c563ed80800b,Successware,Remote - Director of SaaS Managed Services,"Garland, TX",https://jobs.aarp.org/job/remote-director-of-saas-managed-services-garland-tx-5f84b705a87524abccbdc1ce82066930b,"Successware, an affiliate of Authority Brands LLC is a complete business management solution for the HVAC, electrical, plumbing, and roofing industries. We provide accounting, ERM, CRM, mobile field solution and much more. We are growing our team as we rebuild our platform on the latest technologies for the web and mobile and are seeking a Director of SaaS Managed Services to manage the deployment and operation of our next generation SaaS product in the cloud (AWS). Responsibilities: Manage SaaS Managed Services team responsible for deployment, administration and operations of a SaaS application used by multiple customers Ensure a robust deployment architecture (infra/network/security/clustering) which provides high availability, reliability, security and performance to the customers (end users) Collaborate with Cloud provider (AWS) and internal teams to ensure that the SaaS application is secure and easy to access and use, despite the underlying complexity of various components and their integration Embrace the best practices of ITIL, DevSecOps and lean/agile and adapt as needed, to deliver the best results Collaborate closely with product engineering team to ensure that DevSecOps ecosystem (tools, artifacts) spans across development and SaaS operations teams Drive continuous improvement, thought leadership and innovation by always looking for smart ways of automating (IaC, SDN, alerts, self-healing, auto-scaling, advanced deployment, and rollback strategies etc. as relevant) Effectively manage an eco-system of development partners and ensure that the combined team works collaboratively and stays on track (measured through KPIs) Communicate effectively with stakeholders Qualifications: Expert with 12+ years experience in IT industry with 7+ years of managing SaaS operations teams Experience in deploying modern Java/Web applications to cloud (AWS)/Kubernetes and leveraging cloud tools to administer and manage the application Experience managing the customer service ",,,,aarp_us,us,2021-09-01T00:00:00-04:00,OTHER,Executive,Platform Operations
c07803e53756bf86e69ebc657bbc6aa2b,Pipeline Health,"Director, Quality &amp; Risk Management","Huntington Park, CA",https://jobs.aarp.org/job/director-quality-risk-management-huntington-park-ca-9580849d02e74f261579412e17549b28b,"Job Title: Director, Quality & Risk Management Job Summary: The Quality Improvement Director/Risk Manager is responsible for administering and managing the facility's quality improvement and risk management programs, plus oversight of Employee Health Department. Essential Job Duties: Develops and implements the organization's quality improvement plan in accordance with the mission and strategic goals of the organization, federal and state laws and regulations, and accreditation standards Develops and implements systems, policies, and procedures for the identification, collection, and analysis of performance measurement data Collects and summarizes performance data, identifies opportunities for improvement, and presents findings as needed Develops and maintains the Risk Management Program. Updates and maintains risk reporting and risk management system including sentinel and critical event reporting and follow-up. Responsible for determining proactive methodologies to continue a culture of patient safety and risk reduction within the organization Reports to administration, medical staff and board on important medical/legal issues. Actively participates on, or facilitates committees such as: Quality Improvement, Utilization Management, Patient Safety, and Risk Management Leadership Functions: Effectively manage financial resources within the area(s) of responsibility including labor management, productivity, supplies, and other resources. Ensures optimal provision of services through sound personnel management. Demonstrates leadership skills including the ability to plan, prioritize, organize, analyze, execute on multiple tasks and in collaboration with other hospital departments, providing direction and setting expectations consistent with the goals of the organization. Demonstrates behaviors commensurate with the Vision, Mission and Values and Behavioral Standards of the organization. Communication/Knowledge: Effective written and verbal communication skills; able t",,,,aarp_us,us,2021-09-01T00:00:00-04:00,OTHER,Executive,Analytics / Business Operations
b7c58cc93ec9b9758e6f58637fa302bcb,ad+one,"Associate Director, Data Insights and Analytics","Chicago, IL",https://jobs.aarp.org/job/associate-director-data-insights-and-analytics-chicago-il-00dbd0bd8d448302c03f206971423198b,"Leading media agency in Chicago is seeking an Analytics Leader to join their team. This agency helps brands connect with customers in meaningful ways through leveraging technology, media, content, and data. We are looking for a Data Analytics and Reporting Lead to help the agency transform, and manage reporting excellence. We are looking for someone who can create and execute roadmaps for the implementation of data, performance, and marketing technologies across the agency.If you are looking for a growth opportunity, this is truly a position where you will automate & transform data and reporting in a highly strategic way. You will be integral in driving transformation and have the runway to move the needle in new ways. If you are looking for a seat at the table to influence the future of analytics products and innovation at an agency level, we want to learn more about you!Required Skills And Experience5+ years experience in media, marketing, advertising industryKnowledge of building, managing, and applying integrated, and/or relational databasesAdvanced knowledge in Datorama required.Expert level understanding of media metrics and measurement analytics and a passion for sharing your knowledge and insights with key stakeholders and clients",,,,aarp_us,us,2021-09-01T00:00:00-04:00,OTHER,Executive,Analytics / Business Operations
7b916950139b99f6520d53c99920ebfdb,Novartis Pharmaceuticals,Sr Principal Scientist/Associate Director DMPK Novartis GNF,"San Diego, CA",https://jobs.aarp.org/job/sr-principal-scientist-associate-director-dmpk-novartis-gnf-san-diego-ca-e1fa09eaa70899797b2bd07ebecc1293b,"4 FDA approved drugs; 15+ clinical candidates; 400+ patents; 20 years of GNF history! For over 21 years, the Genomics Institute of the Novartis Research Foundation (GNF) has been doing cutting-edge innovative drug discovery for Novartis global research organization, the Novartis Institute for BioMedical Research, Inc (NIBRI).We are seeking a Senior Principal Scientist (Associate Director) for the Drug Metabolism and Pharmacokinetics (DMPK) organization at the Genomics Institute of Novartis Research Organization (GNF) to drive the discovery and development of novel therapeutics. The successful candidate will provide strategic and broad team leadership on drug discovery projects, collaborating with other disciplines to define the team's objectives and to guide the project to critical decision points during its progression towards identification of a clinical candidate. He/she will support preclinical drug discovery and development with expertise in the pharmacokinetics and pharmacodynamics (PK/PD), absorption, distribution, metabolism and excretion (ADME), and will drive talent development by mentoring in these areas as well. Your responsibilities:* Support DMPK of molecules from a variety of disease areas including oncology, metabolic diseases and regenerative medicine.* Support the efficient application and integration of PK and ADME studies to advance lead optimization and clinical candidate selection* Provide in-depth knowledge of drug-drug interactions, biotransformation, bioanalytical and pharmacokinetic/pharmacodynamic (PK/PD)-modeling sciences.* Represent the DMPK discipline on global cross-functional project teams while driving the design, execution and analysis of DMPK and PK/PD. * Support DMPK of a variety of modalities including small molecules, conjugates, therapeutic proteins and antibodies that are hits from phenotypic or target based screens in early discovery. * Serve as a primary source of scientific expertise for the design, analysis, reporting and ",,,,aarp_us,us,2021-09-01T00:00:00-04:00,OTHER,Executive,Platform Operations
9ae894e700e975c89f204a3750b2cc89b,Clinical Management Consultants,ACO Payor Relations Director,"Rathdrum, ID",https://jobs.aarp.org/job/aco-payor-relations-director-rathdrum-id-6534e12c2dbd9a0b2967fc5d211ee96db,"This well-regarded healthcare system and Hospital in Western Idaho is actively interviewing for a Director of ACO Payor Relations. Join this established non-profit healthcare system's business and revenue team, and help support world-class patient treatment.This trusted community hospital system in Idaho has been serving the region for over 50 years. Offering a full line of inpatient services (including Surgical Services, Maternity / Women's Health, Cancer Care, and Orthopedics), outpatient services (Gastrointestinal, Wound Care, Respiratory Care), as well as support services like Laboratory and Diagnostic Imaging, this trusted medical center is committed to creating a healthier community. The Director of ACO Payor Relations will find that this commitment has earned the facility and care team several awards for patient care and recognition as a top quality medical center and health system.Reporting to the Senior Administrator for the ACO, and working closely with the Executive VP of Clinic Network Services, the Payor Relations Director will oversee an increasingly important set of operations in service of building a robust Value-based care model. Supported by an excellent team of Financial Analysts and Actuaries, the Director will guide strategic operations and sustainable growth.The Director of Payor Relations will serve as the primary champion for population health, as well as liaison between the ACO / Value-based Care office, Physician Leaders throughout an expansive Clinic Network, and a variety of Commercial and Government-based health plans. This person should have strong experience in population health management through financial modeling, contract negotiations with Payor institutions, and reporting. Another large part of the ACO Payor Relations Director role will be leading performance improvement initiatives throughout the clinic network and payor system. Those who are visiting or thinking of living in Idaho will quickly learn why it's known as The Gem Sta",,,,aarp_us,us,2021-09-01T00:00:00-04:00,OTHER,Executive,Analytics / Business Operations
0cc0c2296565d8bc253aee1687a2e64cb,Williams Lea,Account Director,"Columbus, OH",https://jobs.aarp.org/job/account-director-columbus-oh-d02ce4e884bd8692cdc16e786039dfd3b,"Williams Lea is the global provider of skilled business-critical support services to financial, legal and professional services firms. We connect people, processes and technology to manage documents and streamline key operational functions.This role will be responsible for setting the expectations for service delivery at Williams Lea. The Account Director establishes best practices to serve our clients across multiple service offerings and empowers and enables his/her operations team to deliver superior service. The role focuses on operational excellence, continuous improvement, and team development. This role establishes goals and success metrics that align with the overall business and client objectives while building client relationships at the operational level.Client Relationship ManagementDevelop executive level client relationship for specific accounts in portfolioDevelop operational director level relationships for all accountsCollaborate on and/or develop strategic account plansCollaborate on and/or develop account budgetCollaborate on and/or write contract addendums, PPAs and contract renewalsCollaborate on and/or negotiate contract addendum, PPAs and contract renewalsDevelop a comprehensive understanding of all clients business and the impact of our servicesOperational ManagementManage overall performance metrics of accounts/departments against contract/target or business unit metricsCreate/prepare quarterly business review (QBR) and monthly CSRsParticipate/lead QBRs & CSRsDrive service line performance (productivity & quality)Manage staffing levels & utilization ( overall, service line and shift)Address service line failuresMaintain continuous lines of communication, keeping MDs informed of all critical issues and facilitating open cooperation between onsite teams, offsite teams and account leadershipDrive account adoption of best practices for processes, technology usage and management practicesResponsible for ensuring that Sr Acct Manager & Acct Manage",,,,aarp_us,us,2021-09-01T00:00:00-04:00,OTHER,Executive,Analytics / Business Operations
faca804c59da73d410a28b20a7cb20ceb,Addison Group,MKT - Director of Product Marketing (Remote),"Fort Lauderdale, FL",https://jobs.aarp.org/job/mkt-director-of-product-marketing-remote-fort-lauderdale-fl-9c14c88410790e4b9b9e1043e11803f9b,"Title: Director of Product ManagementLocation: RemoteSalary: $200-225K base + bonus +optionsSponsorship: No sponsorship availableCustomer experiences control brands. Customers now choose businesses based on shared experiences, not ads. Marketers now have to create and promote great experiences, and they need a platform that can do this at scale.Our client creates an all-in-one Experience Marketing platform for multi-location businesses. More than 60,000 businesses of all sizes use them every day to be found online and chosen through listings, reviews and referrals; be connected with leads and customers on the channels of their choice, and deliver the best customer experience with survey, ticketing and insights tools.They are led by alumni from Google, Amazon, Salesforce and Yahoo.We are seeking a world-class member to lead the Product Marketing team. The Director of Product Marketing will be responsible for driving key elements of their core products including positioning, packaging, and sizing demand for new products. You will be a key member of the marketing leadership team and strong cross-functional partner to product and sales. Our ideal candidate possesses a depth of experience building and scaling product marketing for rapid growth for SaaS companies.Requirements8+ years of related experience in product marketingPowerful storyteller with the desire to bring non-linear ideas to the table while executing a defined business strategyStrategic thinker with the ability to drive results both individually and through managing a teamDemonstrated experience, knowledge and expertise within SaaS/Enterprise Software. Startup experience is a plus.Strong acumen and experience with both highly transactional, inbound, inside sales models, and mid-market/Enterprise inside and field sales modelsResponsibilitiesPartner with VP of Marketing to create corporate and vertical positioning, POV, and campaign planBuild and maintain buyer personasPosition, package, and launch new produc",,,,aarp_us,us,2021-09-01T00:00:00-04:00,OTHER,Executive,Workflow / Support Operations
3353360ee10e940263af1f925be13683b,"bit-x-bit, LLC",Vice President Cyber Services,"Pittsburgh, PA",https://jobs.aarp.org/job/vice-president-cyber-services-pittsburgh-pa-a75ac1a09ef646294b231643051ae14db,"Vice President Position - Cyber Servicesbit-x-bit is looking for a highly motived individual with significant executive and/or firm leadership experience for the position of Vice President - Cyber Services. The successful candidate with be someone with more than 10 years of experience in more than one of the following disciplines: digital forensics, incident response, or cybersecurity. The candidate for Vice President - Cyber Services must (a) have detailed knowledge of developments in the fields of digital forensics, incident response, and cybersecurity; (b) have extensive experience planning and leading digital forensic and incident response engagements while working closely with clients and their legal counsel; and (c) be able to represent bit-x-bit to potential clients and develop business for the company. Responsibilities, skills and experience include:. ten years of experience in more than one of the following disciplines: digital forensics, incident response, or cybersecurity. experience testifying as an expert . industry certifications such as CISSP, GCFA, GCIH or CCE. ability to lead technical teams during fast-paced engagements, such as digital forensic investigations and security incidents. firm leadership/partner or executive level experience. strong writing and communications skills, including public speaking. experience working closely with existing clients to ensure highest level of delivery of services consistent with bit-x-bit's mission. identify and lead new business opportunities. oversee daily operations of bit-x-bit's technical services. ability to establish goals, monitor work, control quality and evaluate results to ensure engagement and departmental objectives are met . network and participate in leadership roles with cybersecurity and digital forensic industry organizationsbit-x-bit's Mission: Relentlessly empowering our clients by revealing the truth in data.About bit-x-bit: Founded in 2007, and exclusively endorsed by the Allegheny County ",,,,aarp_us,us,2021-09-01T00:00:00-04:00,OTHER,Executive,Workflow / Support Operations
978b88fbace5db58271b19483ff99d61b,Phoenix Children&#039;s Hospital,"Director, Managed Care","Phoenix, AZ",https://jobs.aarp.org/job/director-managed-care-phoenix-az-e7e3a4d8e1472bedfd90e37257d19015b,"Are you an experienced Director, Managed Care looking for a role that combines your ability to lead, train, and oversee the managed care contract life cycle? Have you been looking for that next great opportunity? Phoenix Children's is searching for a Director, Managed Care to join the Team! This position is located in Phoenix Arizona. Relocation Package Offered The Director, Managed Care is responsible for the managed care contract life cycle, including, negotiation, implementation, coordination of third-party payer agreements and managed care contracting for the Phoenix Children`s enterprise. These agreements may represent contractual relationships with the public sector, commercial health plans, or employer-sponsored health plans in a fee-for-service, value-based, or risk arrangement. The Director, Managed Care will have oversight of Provider Enrollment, ensuring timely and accurate enrollment of facility and employed providers with third party payers. The Director, Managed Care will have responsibility for Payer Relations, maintaining positive working relationships necessary to effectively and efficiently obtain and operationalize contracts. This position reports to the Vice President, Managed Care and supports PCH, PCMG and PCCN contractual relationships. Required Qualifications:Bachelor`s degree in finance, health administration, or a related field OR five (5) years of managed care supervisory experience.Ten (10) years managed care experience.Five (5) years supervisory experience.Three (3) years comprehensive managed care contracting for an integrated delivery system, ACO, multi-hospital system, or health plan.Extensive knowledge, experience and expertise in managed care contracting negotiations, language, modeling analytics, reimbursement methodologies for hospitals, physicians and ancillary providers, shared savings and risk contracting, managed care regulations, quality metrics and risk contracting.Experience and/or familiarity with facility and professional",,,,aarp_us,us,2021-09-01T00:00:00-04:00,OTHER,Executive,Analytics / Business Operations
b65f7ae91e0ffa1113d6784602257a58b,CliftonLarsonAllen LLP,Assurance Manager/Director,"Sacramento, CA",https://jobs.aarp.org/job/assurance-manager-director-sacramento-ca-a56fb97e731cb3d9cb62602cad3ecbaeb,"At CLA we create inspired careers. We recognize that not everyone wants to grow their career in the same way. That's why CLA exists to create opportunities. We promise to know you and help you.This is why we've created our Manager and Director career paths! These positions share the same level of seniority, but they allow YOU to choose which path is right for you.Manager - This is a great path for those who have a passion for servicing clients, want to build a book of business, and want to advance into a Principal role. If you love being an industry professional, thrive when identifying business opportunities for clients, and desire to be a Principal, then this is the opportunity for you!Director - If you love servicing existing client relationships and want to grow your career without the pressure of having to bring new client relationships into the firm, then this is the opportunity for you!CLA is looking to hire an Audit Manager or Director for our growing practice in Sacramento, CA.As an Audit Manager or Director you will:Manage and develop relationships with great clients.Assist clients with meeting their audit and financial planning objectives by using a range of tools.Be creative with staff development, mentoring, and overseeing client engagement teams.Lead the engagement progress by monitoring time budgets and deadlines for adherence.Communicate important developments to the engagement principal along with facts, conclusions, and recommendations.As our ideal candidate:You have a Bachelor's degree in accounting, finance, or a related field.You have an active CPA license.You have at least seven years of experience in a large professional services or public accounting firm driving strategic management with emphasis in financial statement preparationKnowledge and experience of audit, accounting and tax conceptsYou jump at the chance to help others and you're ready to lead a team of high-performing people.You have a knack for solving issues and can confidently br",,,,aarp_us,us,2021-09-01T00:00:00-04:00,OTHER,Executive,Platform Operations
e7ee7cefb065e278cb462133ef55e340b,Deutsche Bank,Deutsche Bank: Web Support Operations Sme - Assistant Vice President,"Raleigh, NC",https://jobs.aarp.org/job/deutsche-bank-web-support-operations-sme-assistant-vice-president-raleigh-nc-d1920ff51fe2e6277e475226b3f506dab,Job Description Web Support Operations SME Assistant Vice President Job ID:R0130949 Listed: 2021-08-17 Regular/Temporary: Regular Location: Cary,,,,aarp_us,us,2021-09-01T00:00:00-04:00,OTHER,Executive,Workflow / Support Operations
dfadc2838590b4901918fbbaeaf8976fb,Community Health Systems,Chief Executive Officer,"Cortez, CO",https://jobs.aarp.org/job/chief-executive-officer-cortez-co-8309e65e3ace7e76c1f5ce99e04e69bfb,"The CEO of Southwest Health Systems (SHS) provides leadership, strategic guidance and management direction to all aspects of the hospital's operations while ensuring compliance with the hospital's mission, vision, values, goals, strategic direction, and applicable laws and regulations. The CEO reports to the Vice President Hospital Operations, Community Hospital Corporation and assigned Hospital Board of Directors. The CEO is accountable for safe and quality patient care, developing and managing to a financially sound annual operating budget and long-term capital expenditure plan, hiring and retaining qualified and productive staff, managing risk, leading performance improvement, and maintaining effective relationships with Boards, medical staff, patients, employees, the community and the corporate office.Major Responsibilities Establishes and communicates a clear and compelling vision. All stakeholders should know the hospital's mission, vision, and priorities. Works with Board, senior management team, physicians and staff to develop, implement, and update strategies and opportunities for growth and improvement to support the hospital's mission and respond to external and internal issues. Is responsible for the operational, strategic, financial and clinical performance of the hospital. Provides for a system of control which clearly identifies deviations from plans and budgets; assure periodic comparison of performance and/or results against established standards for objectives; and assure corrective actions for deviation from plans so that annual results are in line with strategic goals. Maintains the hospital's compliance with all regulatory and legal requirements. Operations Management: Collects and analyzes data from internal and external sources regarding current way of doing business and clinical processes. Conducts needs analysis, identifies and prioritizes needs, applies good problem solving skills. Identifies alternate processes and potential solutions and ",,,,aarp_us,us,2021-09-01T00:00:00-04:00,OTHER,Executive,Platform Operations
0f1e99b50cfa97083c5cdbdaa876be35b,Compassus,Director of Intake - Home Health,"Brentwood, TN",https://jobs.aarp.org/job/director-of-intake-home-health-brentwood-tn-38c3d9491b6f768e40010b2df1fcea74b,"Ascension at Home - Together with Compassus Associates: Please apply via WorkdayPosition SummaryThe Director of Intake- Home Health is responsible for modeling the 3 Company values of Compassion, Integrity, and Excellence, and for promoting the Compassus philosophy, using the 6 Pillars of success as the foundation. S/he is responsible for upholding the Code of Ethical Conduct and for promoting positive working relationships within the Company, among all departments, and all external stakeholders. The Director of Intake - Home Health is responsible for directing, implementing, and coordinating the referral and intake process, assuring smooth and orderly admissions into the home health agency(s). S/he monitors departmental productivity, compiles quarterly reports, and works closely with Program Leadership. S/he is responsible for Department leadership and oversight and direct supervision to the Central Intake Management. S/he is responsible for process standardization and industry compliance and excellence. S/he is responsible for applying the rules and regulations of state and federal regulatory agencies and other certified agencies. Position Specific Responsibilities Responsible for leading the Intake Department - Home Health with focus on team and process improvement.Leads all Intake operations and process oversight.Communicates with leadership.Collaborates with other associated departments and areas of the organization.Develops strategies to correct departmental challenges affecting all areas of the organization.Manages Intake staff productivity.Integrates acquisitions and growth into the existing model.Manages agency specific KPI's.Supports employee training and orientation, as necessary.Ensures top tier patient and referral source satisfaction, maintains referral conversion rate at established best practice standard and ensures other metrics are met that support business KPI's.Optimizes agency clinical capacity in coordination with Clinical Operations to ensure ",,,,aarp_us,us,2021-09-01T00:00:00-04:00,OTHER,Executive,Platform Operations
ef9ac91560b2c36b2031824417718e6eb,Merck &amp;,"Executive Director, Global Regulatory Affairs - CMC","North Wales, PA",https://jobs.aarp.org/job/executive-director-global-regulatory-affairs-cmc-north-wales-pa-e7ee7cefb065e278cb462133ef55e340b,"Job DescriptionSubject to applicable law, all prospective hires will be required to demonstrate that they have been fully vaccinated for COVID-19 or intend to be vaccinated for COVID-19 by November 1, 2021, or qualify for a medical or religious accommodation to this vaccination requirement. Hired candidates who are not vaccinated by November 1, 2021, and who have not been approved for a legally-required medical or religious accommodation will be subject to disciplinary action up to and including termination of employment, in accordance with applicable law.We are a research-driven biopharmaceutical company. Our mission is built on the simple premise that if we ""follow the science"" that great medicines can make a significant impact to our world. We believe that a research-driven enterprise dedicated to world-class science can succeed by inventing medicine and vaccine innovations that make a difference for patients across the globe.-Our Regulatory Affairs team bring new medical advancements to the world by facilitating communications and procedures that allow swift, organized compliance partnering with external regulatory agencies. We are on the leading-edge of healthcare breakthroughs that help provide new, reliable, and compliant medical products, practices and solutions to the world.Reporting to the Head of Global Regulatory CMC, Biologics, Devices/Combination Products and CMC Policy, the Executive Director, Global Regulatory CMC, will identify external innovation that can accelerate the goals of the our Research & Development, Manufacturing and CMC Regulatory Divisions.- To achieve this, he/she needs to utilize their extended network to ensure our Company is the ""go to"" place for innovation, which may emanate from a wide array of forums including leading universities. He/she will ensure our Company is represented and called upon to influence key policy, regulatory, healthcare decisions, etc. and is viewed as a leader of best-in-class scientific technology. He/she w",,,,aarp_us,us,2021-09-01T00:00:00-04:00,OTHER,Executive,Platform Operations
2d8ab5808e58a7efe67def7f57b89a7eb,Sprouts Farmers Market,Back up Scan,"Dallas, TX",https://jobs.aarp.org/job/back-up-scan-dallas-tx-47a0282523effc6aca77e22e2be6ed72b,"Sprouts Farmers Market - 7110 Skillman Street [Retail Associate / Inventory Clerk / Stocker] As a Scan Coordinator at Sprouts, you'll: Conduct daily, weekly and monthly price changes, including changing shelf signs and tags, promotional signs; Ensure compliance with all company and governmental compliance regulations; Verify weekly ad price changes, promotional price accuracy and pricing signage in all departments...Hiring Immediately >>",,,,aarp_us,us,2021-09-01T00:00:00-04:00,OTHER,Government,Platform Operations
faad5060ee2cfbbe011a6c74796bb26eb,Boston Globe Media,Deputy Bureau Chief,"Washington, DC",https://jobs.aarp.org/job/deputy-bureau-chief-washington-dc-5e77e7ab22f83a7c71826264fea72094b,"The Boston Globe seeks an experienced political reporter to join its team of five journalists in Washington as Deputy Bureau Chief. The bureau is well-known for its strong, enterprising work, and in the past, the Globe has won two Pulitzer Prizes for Washington coverage. As recently as last year, the current group shared the prestigious Toner Prize for national political reporting.Boston and Washington have a deeply symbiotic relationship. The airline shuttles that go back and forth every hour were filled, pre-pandemic, with people shaping national policy and politics. Our leaders often figure prominently in presidential campaigns, hold positions of authority on Capitol Hill, serve as cabinet secretaries, and have outsized roles in the lobbying, public strategy, and communication shops that drive so much of DC life. Our policies are frequently the foundation for national debates. Our readers are sophisticated and politically savvy, and as such, take Washington coverage seriously. So do we.We're not here to simply mimic the wire services with cookie-cutter coverage of the story of the day. Rather, we break free of the press pack and drive thoughtful, enterprising coverage, while striving to break news that is important to our readership.This position will be based in the Globe's Washington, DC, bureau.ResponsibilitiesWe are looking for a journalist with an impeccable sense of story, the ability to develop a wide network of sources, an understanding of Washington or at least of politics, and the confidence to stray from the beaten path of coverage.The ideal deputy bureau chief candidate should feel comfortable reporting and writing distinctive political stories that break through the busy news landscape in Washington. The deputy bureau chief will also help shape and occasionally edit the bureau's coverage and should be able to serve as a mentor to their colleagues.QualificationsTen years or more of experience in journalism (not necessarily in Washington), a good part ",,,,aarp_us,us,2021-09-01T00:00:00-04:00,OTHER,Government,Analytics / Business Operations
627268c63c6e6f5966061772525ee3bab,Jacobs,Cloud Developer II,"Washington, DC",https://jobs.aarp.org/job/cloud-developer-ii-washington-dc-c13dae4b22d4f6b47ea2f0a873bbf326b,"Critical Mission SolutionsYour mission is our mission.We're invested in you and your success. Everything we do - whether Aerospace, Defense, Intelligence, Information Technology, Cybersecurity, Nuclear, Automotive, or Telecommunications - is more than just a project. It's our challenge as human beings, too. That's why we bring a thoughtful and collaborative approach to every one of our partnerships.It's our promise to challenge the status quo as we redefine how to solve the world's greatest challenges, and transform big ideas into intelligent solutions for a more connected, sustainable world.Design your career with a company that inspires and empowers you to deliver your best work so you can evolve, grow and succeed -today and into tomorrow.Your ImpactThe Senior Cloud Security Engineer will work directly for KeyW Corp's embedded Security Operations Team at the Federal Bureau of Investigation (FBI).Along with other security experts, you will be responsible for all monitoring and compliance of FBI's Case Management system in the AWS cloud. Operating at the convergence of the hottest areas of tech and national security, you will develop a broad and deep understanding of the FBI's overall security posture, work closely with partner teams and AWS service teams to identify security threats, and use your security insight to relentlessly drive improvements to the FBI's security posture through hands-on data analysis and automation of analytics to find and mitigate security threats. If you want to start on the ground floor of something truly big and impactful to national security, we'd like to hear from you.#cjpostRequired SkillsHere's What You'll NeedBachelor's degree and 5 to 7 years in IT operations, such as systems administration, network engineering, database administration, security operations, etc. At least 6 years' experience handling security investigations, penetration testing, and/or incident response across various operating systems and applications Understands a",,,,aarp_us,us,2021-09-01T00:00:00-04:00,OTHER,Government,Platform Operations
0ebb538a0fa595754f2617fcc885570fb,ACS Solutions,Program Support - Government contracts purchase material documentation vendors,"Parkville, MD",https://jobs.aarp.org/job/program-support-government-contracts-purchase-material-documentation-vendors-parkville-md-8a2f8ffc9fa4881d200a30d27785b50db,"Program Support Specialist - Government contracts, contractual documentation, purchase, material, documentation, vendors, support Work Locations: . Baltimore, MD . Tysons, VA . Stuttgart, Germany . Norfolk, VA . Charleston, SC . San Diego, CA We offer an excellent benefits package including: . A competitive salary . Medical, dental, vision, life and disability insurance . Paid-time off . Tuition reimbursement . 401k Retirement Plan . Military Reserve pay offset . Paid maternity leave . Position Summary Key Functions may include: . Work and collaborate with Program Management personnel on matters of business and contractual nature, such as preparation and monitoring of project deliverables and contractual documentation; preparation and monitoring and project reporting. . Maintain contractual, proposal, and project documentation including contract repositories. . Prepare, track, and file documentation for employee permits, security, certification, access, and travel requests. . Maintain contractual, proposal, and project documentation including contract repositories. . Ensure compliance with contract requirements and performs all other position related duties as assigned. . Perform responsibilities as focal point for ongoing issue resolution, including commercial and federal compliance (terms and conditions), acceptance, and payment issues. . Complete and track project deliverables required for technical installation, such as inventory reports, quality assurance test forms, daily status reports, disposition reports, etc. . Create and modify material lists, prepare shipping documentation, and track material throughout the project lifecycle. . Consolidate purchases, shipments, and deliveries, develop a transparent system of tracking and expediting deliveries. . Work and collaborate with management and engineering personnel to ensure timely and accurate procurement and shipment of equipment and materials. . Research part numbers, manufacturers, product specifications. . ",,,,aarp_us,us,2021-09-01T00:00:00-04:00,OTHER,Government,Platform Operations
1f3f28ef47b8e684e626b5f3f5eb199bb,PLUS Communications,"Public Affairs, Senior Associate","Arlington, VA",https://jobs.aarp.org/job/public-affairs-senior-associate-arlington-va-faad5060ee2cfbbe011a6c74796bb26eb,"The CompanyPLUS Communications is a full-service communications firm based in Arlington, Virginia. PLUS Communications leads award-winning campaigns integrating public affairs, corporate communications, digital, advertising and media buying. PLUS means more!PLUS Communications is looking for a Public Affairs Senior Associate to play a key role developing and executing communications plans - including message and content development. The role functions across a variety of public affairs accounts and policy areas with a heavy focus on content development, including messaging materials (press releases, fact sheets, op-eds), planning documents, memos and reports. This role will also provide communications and project management support for key client accounts. Ideal candidates will have experience distilling complex policy issues and/or regulatory affairs at the federal or state level.As of July 2021, our office has reopened and resumed an in-person work environment.RequirementsYour day in this position may includeCrafting narratives by distilling complex policy and regulatory information into tangible messaging for a variety of audiences.Drafting media materials, such as press releases, talking points, media statements, opinion pieces.Developing presentations, collateral materials, strategic plans and other reports.Tracking and monitoring campaign deliverables and serving as a project manager for key accounts.Coordinating media outreach and cultivating relationships with key reporters.Serving as a liaison between PLUS' internal team, the client, other agency partners and external vendors (where applicable).RequirementsThis job may be for you, if youHave previous experience working in a fast-paced environment with minimal direction.Have a knack with words and enjoy writing on a variety of topics with quick turnaround.Have a strong understanding of AP Style.Are comfortable engaging with clients and/or vendors on day-to-day deliverables.Have strong organizational skills a",,,,aarp_us,us,2021-09-01T00:00:00-04:00,OTHER,Government,Platform Operations
7fdc310240db620986f56ab3c85fa458b,Leidos,Industrial Hygienist (NASA Ames),"Mountain View, CA",https://jobs.aarp.org/job/industrial-hygienist-nasa-ames-mountain-view-ca-627268c63c6e6f5966061772525ee3bab,"Description Job Description:THIS IS NOT A LONG-TERM TELEWORK POSITION. Work will be performed at NASA Ames Research facilities. When appropriate, remote work will be permitted during COVID.TO FACILITATE TIMELY ACCESS TO GOVERNMENT SYSTEMS AND FACILITIES, US CITIZENSHIP IS REQUIRED. Leidos has an exciting opportunity to join our Industrial Hygiene Team supporting operations at NASA Ames Research Center at Moffett Field, California. In this role you will work with a dynamic team to find solutions to challenging problems in Industrial Hygiene, gain experience working at NASA centers, and work for a manager that supports career growth. The position works under general supervision of the Lead Industrial Hygienist and is expected to apply fundamental industrial hygiene concepts, practices, and procedures. Primary Responsibilities Include:Delivering in-person and online trainings to groups of up to 50. Class participants range from student interns, to PhD researchers, to blue collared laborers.Personal and area noise monitoring to recommend engineering controls and appropriate HPD noise reduction rating. Create detailed noise map with sound pressure levels to delineate hazardous noise areas.Develop a comprehensive sampling plan and perform personal/area air monitoring for a range of chemicals. Use that data to recommend engineering controls, administrative controls, and PPE.Investigate indoor air quality concerns and work with facilities and maintenance.Perform fume hood surveys following ASHRAE 110 guidance and assess local exhaust ventilation using the ACGIH Ventilation Manual.Using the ACGIH Ventilation Manual, offer recommendations for new ventilation design and perform calculations to recommend design requirements.Calculating potential for oxygen deficiency and chemical gas buildup in case of accidental compressed gas/cryogen release.Perform quantitative respirator fit tests for all employees at ARC wearing elastomeric respirators.Conducting large scale audits for Ind",,,,aarp_us,us,2021-09-01T00:00:00-04:00,OTHER,Government,Platform Operations
13d446efca8b8cb28e70679ac66c6120b,NANA Regional Corporation,Project Control Analyst,"Herndon, VA",https://jobs.aarp.org/job/project-control-analyst-herndon-va-529a9f63de194a37d42ac059332f0e56b,"Project Control AnalystDescriptionAkima is anAlaska Native Corporation (ANC) with 30 years of federal contracting experienceand over 7,500 employees supporting more than 14,300 Iupiat shareholders inthe NANA region of Alaska. Akimaprovides the backbone infrastructure to support more than 40 socio-economicallydisadvantaged small businesses (SDBs) with mature business processes and sharedback-office support services normally only found in a Fortune 500 defensecontractor. Our employees form one of the broadest skill sets in allof government and industry delivering services and solutions infields as diverse as aviation, construction, facilities and logistics, informationtechnology, protective services and detention management, and systemsengineering. We continually look for the very best and brightest to support ourcommitment to superior outcomes across today's most complex and criticalmissions worldwide.To learn moreabout Akima and opportunities across our family of companies, visitwww.akima.com.Responsibilities:The Akima Principal Project Controls Analyst will be a key member of the Akima, LLC subsidiary responsible for setting up, maintaining and analyzing all projects performed in the organization. This individual will serve as the primary Point of Contact (POC) in all aspects of Project Control (including project setup, purchase requisitions, monthly accrual calculations, vendor invoice approvals, cost/variance analysis, EAC development, project reporting, customer invoicing support, communications to project managers and customers, etc.). Responsibilities also include ensuring all monthly and quarterly deadlines are met (accruals, revenue adjustments, EACs, unbilled analysis, at risk approval submissions), assisting the subsidiary's President and Project Managers with monthly reviews and communication of project-level financial data (eg, Cost/schedule variances, EACs, cash flow status) to Executive Management customers. This individual will also work with the grou",,,,aarp_us,us,2021-09-01T00:00:00-04:00,OTHER,Government,Analytics / Business Operations
0f69e3e8edc92a9ef28a692e5cffbe8cb,T-Mobile,"Program Manager, Government (Open to Various Locations)","Olathe, KS",https://jobs.aarp.org/job/program-manager-government-open-to-various-locations-olathe-ks-62bbe130d5605d8fd9841b48c6bd5c05b,"Job DescriptionProgram Manager, GovernmentWorks to engage school district leaders to understand needs and pain-points, and helps to provide consultative guidance. Partners with government sales and other internal teams to bring project plans to completion.EOE StatementEqual Employment Opportunity We take equal opportunity seriously-by choice.T-Mobile USA, Inc. is an Equal Opportunity Employer. All decisions concerning the employment relationship will be made without regard to age, race, ethnicity, color, religion, creed, sex, sexual orientation, gender identity or expression, national origin, religious affiliation, marital status, citizenship status, veteran status, the presence of any physical or mental disability, or any other status or characteristic protected by federal, state, or local law. Discrimination, retaliation or harassment based upon any of these factors is wholly inconsistent with how we do business and will not be tolerated.ResponsibilitiesDevelops project plans and schedules and provides budget oversight for the business group. Leads kick-off, requirements and spec reviews, and other program meetings.Develops and implements process controls ensuring department compliance with corporate and regulatory standards.Manages contracts and vendors. Acts as a liaison between Management and vendor/partners on contract development, execution and vendor management.Creates and manages project teams supplying statistical and status reporting on completed programs to stakeholders (internal and external). Works with other program managers and management to identify and address cross-project dependencies.Brings changes and suggestions from each program and sub-program to help improve and develop best practices.Partner with Account Executives to support clients, prospect sales opportunities in existing businesses and provide other operational and administrative assistance for Account Executives. Also responsible for other Duties/Projects as assigned by business manag",,,,aarp_us,us,2021-09-01T00:00:00-04:00,OTHER,Government,Product Operations / Program
ff0507445bfd06d1dcecf362710a953bb,SOLID Surface Care,Utility Attendant,"Upper Darby, PA",https://jobs.aarp.org/job/utility-attendant-upper-darby-pa-df299c13bcd1808fc91c0d3e2aa37916b,"Description: The Commercial Floor Care Specialist is responsible for delivering the highest quality of preventative maintenance cleaning services to floor coverings and architectural surfaces in some of the most impressive commercial facilities in the world. The Technician is trained to deliver best-in-class services on surfaces including Carpet, Upholstery, Stone, Metal, Tile, Grout, Vinyl, Wood and Concrete. They will follow the direction of their Shift Leaders and Crew Leaders to complete each job using SOLID's equipment, products and methods in a timely manner. The candidate should punctual, have a smart appearance, be willing to work as part of a team and a desire to learn new skills. .Requirements: Job Requirements JOB DUTIES DAILY: Follow company policies. Follow posted schedules to arrive for work on time. Communicate unexpected absence at the earliest opportunity. Assist with gathering equipment and supplies for each job. Assist with loading and unloading of vehicles. Travel to job sites in a company-provided vehicle. Follow safety guidelines and operating procedures for equipment and products. Follow the instruction of Shift Leaders, Crew Leaders. Maintain cleanliness of equipment, vehicles, and warehouse. Be accessible by phone and email for shift change notifications. WEEKLY or BI-WEEKLY: Attend team meetings. Attend Performance Reviews with Operations Manager. PERIODICALLY: Overnight travel to within the United States to assist other teams (consideration will be made to personal circumstances and performance) Overnight travel to participate in specialized group training events POSITION REQUIREMENTS QUALIFICATIONS & EXPERIENCE: None. OTHER: A valid government ID Driver's License, Green Card, Passport, or other Government Identification. Must be eligible to work within the United States. Must have reliable transportation to and from office. Must have basic computer skills to be able to access training and employment information. DESIRABLE EXPERIENCE (Not ",,,,aarp_us,us,2021-09-01T00:00:00-04:00,OTHER,Government,Platform Operations
e40498e2320db25d3cd0a6fe77a4ed30b,T-Mobile,"Veterans Preferred - Government and Small Business Account Executive, Albany, GA","Atlanta, GA",https://jobs.aarp.org/job/veterans-preferred-government-and-small-business-account-executive-albany-ga-atlanta-ga-85884cdf0982ee844236c0c7beb98f45b,"Military Veterans are Encouraged to Apply. The Government and Small Business Account Executive position focused on the customer life cycle, supporting the growth of State and Local Government as well as Small & Medium Business companies (SMB) in the Rural Markets/Areas. The primary responsibilities are to sell to State & Local Government, Small Medium Business (SMB) companies, renew contracts, increase customer satisfaction and improve revenue while driving customer retention activity. As an Account Executive, your performance is evaluated on your ability to meet sales expectations and maintain a high level of job performance through a variety of metrics focused on building the business. The quality and method of work must be consistently completed in accordance with T-Mobile's core values. Bachelor's Degree preferred 3+ years direct sales experience preferred 2+ years extensive customer service experience preferred 2+ years business markets sales experience preferred 2+ years wireless industry sales experience preferred 2+ years technical sales experience preferred New Sales activities: Utilize contact list to call leads to generate sales opportunities. Exceed monthly sales, renewal, and churn target goals. Welcome customers to T-Mobile and review service agreement, answer questions regarding service, and probe for additional business. Sustain monthly call goals as expectations dictate. Account Management and Maintenance Activities: Establish and cultivate customer relationships to drive sales and increase customer base. Complete Customer account maintenance resulting from account reviews. Provide account analysis to determine up-sell and renewal offers. Monitor and resolve customer issues. Track individual account activity and results. Extensive use of internal software systems such as salesforce.com and other internal programs, as well as having ability to make independent analysis and decision making related to information. Accuracy and efficiency in data entry ",,,,aarp_us,us,2021-09-01T00:00:00-04:00,OTHER,Government,Analytics / Business Operations
f0720d1702ade544a500bc94694d762fb,T-Mobile,"Veterans Preferred - Government and Small Business Account Executive, Shreveport, LA","New Orleans, LA",https://jobs.aarp.org/job/veterans-preferred-government-and-small-business-account-executive-shreveport-la-new-orleans-la-0f69e3e8edc92a9ef28a692e5cffbe8cb,"Military Veterans are Encouraged to Apply. The Government and Small Business Account Executive position focused on the customer life cycle, supporting the growth of State and Local Government as well as Small & Medium Business companies (SMB) in the Rural Markets/Areas. The primary responsibilities are to sell to State & Local Government, Small Medium Business (SMB) companies, renew contracts, increase customer satisfaction and improve revenue while driving customer retention activity. As an Account Executive, your performance is evaluated on your ability to meet sales expectations and maintain a high level of job performance through a variety of metrics focused on building the business. The quality and method of work must be consistently completed in accordance with T-Mobile's core values. At least 18 years of age Legally authorized to work in the United States High School Diploma or GED Bachelor's Degree preferred 3+ years direct sales experience preferred 2+ years extensive customer service experience preferred 2+ years business markets sales experience preferred 2+ years wireless industry sales experience preferred 2+ years technical sales experience preferred *LI-RM1 New Sales activities: Utilize contact list to call leads to generate sales opportunities. Exceed monthly sales, renewal, and churn target goals. Welcome customers to T-Mobile and review service agreement, answer questions regarding service, and probe for additional business. Sustain monthly call goals as expectations dictate. Account Management and Maintenance Activities: Establish and cultivate customer relationships to drive sales and increase customer base. Complete Customer account maintenance resulting from account reviews. Provide account analysis to determine up-sell and renewal offers. Monitor and resolve customer issues. Track individual account activity and results. Extensive use of internal software systems such as salesforce.com and other internal programs, as well as having ability to ",,,,aarp_us,us,2021-09-01T00:00:00-04:00,OTHER,Government,Analytics / Business Operations
498effb249888b6558b3c5ca39c6542bb,T-Mobile,"Veterans Preferred - State Government Account Executive, Nashville, TN","Nashville, TN",https://jobs.aarp.org/job/veterans-preferred-state-government-account-executive-nashville-tn-nashville-tn-7fbd21f8dbdd104a7d1ec066521914fcb,"Military Veterans are Encouraged to Apply. The State Government Account Executive position focuses on the customer life cycle, supporting the growth of State and Local State Government. The primary responsibilities are to sell to State and Local accounts, renew contracts, increase customer satisfaction, and improve revenue while driving customer retention activity. This is a new business development role, prospecting and hunting for new business. As an Account Executive, your performance is evaluated on your ability to meet sales expectations and maintain a high level of job performance through a variety of metrics focused on building the business. The quality and method of work must be consistently completed in accordance with T-Mobile's core values. Bachelor's Degree preferred 2- 4 + years Selling to State Government (State and Local) accounts required. 2 + years Extensive customer service experience preferred. 2 + years Business markets sales experience preferred. 2 + years Wireless industry sales experience preferred. 2 + years Telesales or technical sales experience preferred. *LI-RM1 New Sales activities: Utilize contact list to call leads to generate sales opportunities. Exceed monthly sales, renewal, and churn target goals. Welcome customers to T-Mobile and review service agreement, answer questions regarding service, and probe for additional business. Sustain monthly call goals as expectations dictate. This is a new business development role, prospecting and hunting for new business. Account Management and Maintenance Activities: Establish and cultivate customer relationships to drive sales and increase customer base. Complete Customer account maintenance resulting from account reviews. Provide account analysis to determine up-sell and renewal offers. Monitor and resolve customer issues. Track individual account activity and results. Extensive data entry, system navigation, and utilization required, including independent analysis and decision making related",,,,aarp_us,us,2021-09-01T00:00:00-04:00,OTHER,Government | Accounting/Finance,Analytics / Business Operations
c9499e95b1da9ee56b34ee9cd6b35c77b,RSM,Veterans Preferred - Management Consulting- Program &amp; Project Management- Manager- Public Sector,"Baltimore, MD",https://jobs.aarp.org/job/veterans-preferred-management-consulting-program-project-management-manager-public-sector-baltimore-md-c8d62ac121d2cc05aa96b06f73f7527bb,"Military Veterans are Encouraged to Apply. RSM has an immediate opening for an experienced Project/Program Manager in our growing Public Sector practice serving governments, higher education institutions and nonprofits. This position is a client facing role which is responsible for strategizing, planning, launching, administering, delivering, and providing oversite on large complex projects related to government grant/stimulus programs, technology implementations and digital transformations. The successful candidate must demonstrate willingness to go the extra mile for the team's success. He or she will be a problem solver, creative thinker, and fast learner, be detail-oriented and interested in learning RSM s consulting business. This position is an excellent opportunity for someone who is passionate about helping government, higher education, and nonprofit organizations achieve their mission objectives. The right candidate for the role would have the following skills and experience related to program administration and/or software implementation Ability to assess, establish and then organize projects for administration or implementation Ability to quickly assess a client s organizational, process and technology capabilities and weaknesses Ability to lead grant administration or application implementations Ability to assess clients business processes and procedures and make recommendations for improvement and automation Ability to understand and develop business and system requirements based on observation and client discussions Implement process improvements in order to help clients improve delivery execution Ability provide oversight over 2-3 projects simultaneously and over other project team members Basic Qualifications: BS/BA in Engineering, Computer Science, Management Information Systems, Accounting, Economics, MBA, Masters of Public Administration 5 + years of experience providing project management on complex initiatives or software implementations Prior c",,,,aarp_us,us,2021-09-01T00:00:00-04:00,OTHER,Government,Product Operations / Program
99bd45e8a2f847991b37acdcf72e7175b,ServiceNow,"Veterans Preferred - Solution Consulting Manager, Federal ITx","Vienna, VA",https://jobs.aarp.org/job/veterans-preferred-solution-consulting-manager-federal-itx-vienna-va-d4ba7fc91dbcaaa465638198180c14edb,"Military Veterans are Encouraged to Apply. Company Description ServiceNow is making the world of work, work better for people. Our cloud-based platform and solutions deliver digital workflows that create great experiences and unlock productivity for employees and the enterprise. We're growing fast, innovating faster, and making an impact on our customers' and employees' lives in significant and important ways. With over 6,900 customers, we serve approximately 80% of the Fortune 500, and we're on the 2020 list of FORTUNE World's Most Admired Companies. We're looking for people who are ready to roll up their sleeves and help us build on our incredible momentum, our diverse, engaged workforce, and our purpose to make the world of work, work better. Learn more on Life at Now blog and hear from our employees about their experiences working at ServiceNow. Job Description The Solution Consulting (pre-sales) organization is a vital and well-respected part of the sales eco-system at ServiceNow who is expected to deliver spectacular interactions and experiences with customers and also internally, with a focus on performance, teamwork, and continual improvement. We are seeking a Solution Consulting Leader to lead partnering, technical discovery demonstration capability, team growth, and overall strategy. This strategic leadership role will set the agenda for presales capabilities as well as execution by inspiring and managing a team of Federal Presales Solution Consultants. The ideal manager will create a repeatable process, driving results and outcomes in a multi-fold agenda including Ensure SCs demonstrate relevance to customers, fully discover customers' mission and technical problems, deliver the highest quality presentations and demonstrations, execute proofs of concept successfully and only when needed, comprehend and document the business value to be delivered, and ensure customer commitment to the ServiceNow solution Develop team members according to the demands of the",,,,aarp_us,us,2021-09-01T00:00:00-04:00,OTHER,Government,Workflow / Support Operations
0f00c57037d2b13328141cedefe22b78b,ServiceNow,"Veterans Preferred - Principal Technical Consultant, Federal","Vienna, VA",https://jobs.aarp.org/job/veterans-preferred-principal-technical-consultant-federal-vienna-va-7ae450ff5e88824534ae1a07c9014443b,"Military Veterans are Encouraged to Apply. Company Description ServiceNow is making the world of work, work better for people. Our cloud-based platform and solutions deliver digital workflows that create great experiences and unlock productivity for employees and the enterprise. We're growing fast, innovating faster, and making an impact on our customers' and employees' lives in significant and important ways. With over 6,900 customers, we serve approximately 80% of the Fortune 500, and we're on the 2020 list of FORTUNE World's Most Admired Companies. We're looking for people who are ready to roll up their sleeves and help us build on our incredible momentum, our diverse, engaged workforce, and our purpose to make the world of work, work better. Learn more on Life at Now blog and hear from our employees about their experiences working at ServiceNow. Job Description Job Title: Principal Technical Consultant - Federal Location(s): Remote, VA ServiceNow is changing the way people work. With a service-orientation toward the activities, tasks and processes that make up day-to-day work life, we help the modern enterprise operate faster and be more scalable than ever before. We're disruptive. We work hard but try not to take ourselves too seriously. We are highly adaptable and constantly evolving. We are passionate about our product, and we live for our customers. We have high expectations and a career at ServiceNow means challenging yourself to always be better. What you get to do in this role: Lead all technical aspects of project delivery and solution delivery including: Application Configuration Workflow Configuration UI Configuration Development of required client specific reporting Development of requirement integration components (SSO, LDAP, etc) Interface with ServiceNow development and operations teams, to successfully set up the SaaS platform Be a key member of the overall implementation project team Prepare all client facing and internal deliverables that are te",,,,aarp_us,us,2021-09-01T00:00:00-04:00,OTHER,Government | Accounting/Finance,Platform Operations
1c80fad44b1221061c91a69504edcfcbb,ServiceNow,Veterans Preferred - Partner Development Executive - Federal,"Vienna, VA",https://jobs.aarp.org/job/veterans-preferred-partner-development-executive-federal-vienna-va-e5e1b902cdfbd0345c73b22f18ccecd4b,"Military Veterans are Encouraged to Apply. Company Description ServiceNow is making the world of work, work better for people. Our cloud-based platform and solutions deliver digital workflows that create great experiences and unlock productivity for employees and the enterprise. We're growing fast, innovating faster, and making an impact on our customers' and employees' lives in significant and important ways. With over 6,900 customers, we serve approximately 80% of the Fortune 500, and we're on the 2020 list of FORTUNE World's Most Admired Companies. We're looking for people who are ready to jump right in and help us build on our incredible momentum, our diverse, engaged workforce, and our purpose to make the world of work, work better. Learn more on Life at Now blog and hear from our employees about their experiences working at ServiceNow. Job Description What you get to do in this role: What you get to do in this role: The Federal Partner Development Executive manages ServiceNow relationships with our Public Sector (Federal) Partners across the AMS Region. A large part of this role is to manage and nurture companies in the ServiceNow Federal Partner ecosystem while also encouraging newer partners to develop and mature their ServiceNow practices in support of our Federal Partner Ecosystem. This includes: Building Partner Practices through business plan development, account planning, partner expectation management, product focus. Sell, solve, bring growth. Planning for Success through Partner achievement target agreement, capacity planning, growth investment, points earning roadmap. Managing the ecosystem across team members through readiness assessment scoring, milestone achievement by partner, roadmap sessions for success, regular ecosystem evaluations, tiering progress, acquisitions targets, health analysis, metrics reporting. Drive ecosystem governance through team member communication, execution plans, reporting and dashboard preparation, global interlocks wit",,,,aarp_us,us,2021-09-01T00:00:00-04:00,OTHER,Government,Analytics / Business Operations
67fdddcacda39703699906f18662cb6eb,Divi Technologies,BI Developer,"Washington, DC",https://jobs.aarp.org/job/bi-developer-washington-dc-89e34ee9f9a692589fccb070392ce7f6b,"Job Description: Divi Technologies is seeking a passionate and driven BI Developer to support a rapidly growing Data Analytics and Business Intelligence platform focused on providing solutions that empower our Federal customers with the tools and capabilities needed to turn data into actionable insights. The ideal candidate is a critical thinker and perpetual learner; excited to gain exposure and build skillsets across a range of technologies while solving some of our clients toughest challenges. As a Data Engineer, you will be integral to data operations for the development and integration of multiple data types across a range of data sets and sources. You will be responsible for the day-to-day operations of systems that depend on data, ensuring data is properly processed and securely transferred to its appropriate location, in a timely manner. Processing data will include managing, manipulating, storing and parsing data in a data pipeline for variety of target sources. You will also support maintenance of applications and tools that reside on these systems such as upgrades, patches, configuration changes, etc. The work is performed in a multidisciplinary team environment using agile methodologies. The candidate we seek must be highly motivated and enthusiastic about implementing new technologies and learning about new data in a small team environment where deadlines are important. Responsibilities: Work closely with software engineers and architects to extract, transform, and standardize data to prepare for ingest into target sources Design and develop data services and/or pipelines as part of an Agile/Scrum team Support continuous process automation for data ingest Work with program management and engineers to implement and document complex and evolving requirements Perform multiple tasks simultaneously and successful perform under changing requirements and deadlines Help cultivate an environment that promotes customer service excellence, innovation, collaboratio",,,,aarp_us,us,2021-09-01T00:00:00-04:00,OTHER,Government,Product Operations / Program
05f058b94976725b68fa1eecb7a1b7e6b,Aerojet Rocketdyne,Sr Analyst Production Scheduling,"Camden, AR",https://jobs.aarp.org/job/sr-analyst-production-scheduling-camden-ar-81d1a1da0a5ffd5182be3dcd3176bfb3b,"Overview Aerojet Rocketdyne has an immediate opening for a SR.Analyst, Production Planner/Scheduler to join our growing facility in Camden, Arkansas. In this role, you will support program production teams comprised of manufacturing engineers, quality engineers, buyers, subcontract administrators, operations, and other necessary support personnel to produce quality tactical rocket motors on time and on budget. Culture: We believe in ongoing career development, training, and helping our employees achieve their career goals. Our Scheduling and Material Planning personnel network across all COEs and play a key role from proposal to product delivery. Our strong emphasis on Lean Six Sigma believes in process improvement and efficiency. Candidates must be willing and available to work other shifts as needed to meet production schedules. This current opening may be filled at this level as posted or at one level higher. Essential Job Functions (Including % of Time for Each) Underclose general and following established policies and procedures, perform professional assignments requiring general use and application of concepts, practices and techniques. 40% - Plans components to support manufacturing schedule and maintain MMAS compliance. Uses internal ERP system (Oracle) to maintain program schedules. 20% - Tracks both raw materials and finish parts through assembly and shop areas and final shipments to customer. If schedule is impacted, works with the team to develop a plan to get back on track. 20% - Identifies and communicates concerns and issues with potential scheduling impacts. Works with team to develop solutions to minimize the impact. Relays information to team members and management. 10% - Monitors procurement activities to ensure conformance to established schedule. 10% - Performs other related assignments. Requirements Bachelor's degree in an appropriate discipline and six (6) years of directly related experience or an equivalent combination of education and exper",,,,aarp_us,us,2021-09-01T00:00:00-04:00,OTHER,Government,Platform Operations
c94140109542b108a976623b578bfe89b,Jefferson Center for Mental Health,Police Based Co-Responder - Edgewater PD *BONUS*,"Wheat Ridge, CO",https://jobs.aarp.org/job/police-based-co-responder-edgewater-pd-bonus-wheat-ridge-co-9b47bd22e992a37f96d0c9d031363994b,"Overview At Jefferson Center, it is our policy and our mission to be inclusive and mindful of the diversity of everyone who comes through our doors. We are passionate about building a community where mental health matters and equitable care is accessible to all races, ethnicities, abilities, socioeconomic statuses, ages, sexual orientations, gender expressions, religions, cultures, and languages. The Police Based Case Manager will provide early intervention assessment, referrals and clinical case management services to persons in the community that are identified by Edgewater Police Department, Mountain View Police Department or Lakeside Police Department officers as possibly having mental health issues. To provide information, education, liaison, and transition services to various networks within Jefferson Center for Mental Health (Jefferson Center) and with federal, state, and community based agencies and resources. To provide training and on-going education for officers to increase awareness of crisis de-escalation, mental health issues and intervention. To provide family members with necessary information and education to further assist persons with mental illness and for themselves. *As part of the Co-Responder program, this position includes a 5% salary differential. The differential is separate from any bonus associated with this position.*Responsibilities Job Specific Competencies/Duties: Accompany Edgewater PD, Mountain View PD or Lakeside PD officers on mental health related calls in the community, triage, provide crisis intervention, assess needs and provide resources, link with treatment Assessment of all referrals to determine appropriateness for services at Jefferson Center Provide case management services including linking to services, monitoring, follow-up, and crisis management for consumers Provide services to meet need: office based, community based, or in the consumer s home Make appropriate referrals to and act as liaison with community agencies",,,,aarp_us,us,2021-09-01T00:00:00-04:00,OTHER,Government,Platform Operations
3dfd6b37b3a4089c7b433e3a1706ba10b,Cordia,Controller (Government Contracting) 14512768,"Arlington, VA",https://jobs.aarp.org/job/controller-government-contracting-14512768-arlington-va-e94b9b7ed169b84350a20189437489d3b,"Cordia Resources is seeking a Controller with Government Contracting experience to join our rapidly growing, Washington DC consulting practice. Cordia Resources is a consulting search firm that specializes in placing accounting professionals in project and intern positions throughout the DC/metro area. With a portfolio of 300+ client industries, Cordia Resources has deep local relationships with top clients throughout VA, DC, and MD. Controller Qualifications: Experience leading and managing accounting teams in a Government Contracting environment Experience with federal compliant accounting software, i.e., Costpoint, Unanet Knowledge of different types of contracts Knowledge of Government compliances Support month and year end close activity Work with auditors during annual audit, degree in accounting or finance required Benefits of Working with Cordia Resources We offer best-in-class Consultant Care, total confidentiality, access to exclusive job opportunities within our extensive local networks, and integrated solutions by a team of seasoned staffing experts. Our expert recruiting and staffing solutions support business growth in the commercial and not-for-profit markets, government contracting, technology, professional services, hospitality, real estate and many other industries. If you are seeking to partner with a fast growth locally owned recruiting organization, please apply today and grow with Cordia Resources! #piq14512768PandoLogic. Keywords: Financial Controller, Location: Arlington, VA - 22205",,,,aarp_us,us,2021-09-01T00:00:00-04:00,OTHER,Government,Platform Operations
4592e75f38c4ac50a5e93491fa7663b0b,Cordia,Senior Biller (Government Contractor) 14512666,"Woodbridge, VA",https://jobs.aarp.org/job/senior-biller-government-contractor-14512666-woodbridge-va-ca2532c1637f8f963b093e84e083c46bb,"Cordia Resources is seeking a Senior Biller with Government Contracting experience to join our rapidly growing, Washington DC consulting practice. Cordia Resources is a consulting search firm that specializes in placing accounting professionals in project and intern positions throughout the DC/metro area. With a portfolio of 300+ client industries, Cordia Resources has deep local relationships with top clients throughout VA, DC, and MD. Senior Biller Qualifications: Full cycle Government billing experience Knowledge of different types of contracts Knowledge of Government compliances Experience with federal compliant accounting software, i.e., Costpoint Benefits of Working with Cordia Resources We offer best-in-class Consultant Care, total confidentiality, access to exclusive job opportunities within our extensive local networks, and integrated solutions by a team of seasoned staffing experts. Our expert recruiting and staffing solutions support business growth in the commercial and not-for-profit markets, government contracting, technology, professional services, hospitality, real estate and many other industries. If you are seeking to partner with a fast growth locally owned recruiting organization, please apply today and grow with Cordia Resources! #piq14512666PandoLogic. Keywords: Billing Clerk, Location: Woodbridge, VA - 22191",,,,aarp_us,us,2021-09-01T00:00:00-04:00,OTHER,Government,Platform Operations
4e61ee7d989fd2fb4575496521f64f0eb,CGI Group,Housing Specialist,"Tampa, FL",https://jobs.aarp.org/job/housing-specialist-tampa-fl-65b26de5b7ce88148b29b3d50ae0ae92b,"Housing Specialist Position Description CGI Federal's Housing Compliance team that partners with public housing authorities (PHAs) and the U.S. Department of Housing and Urban Development (HUD) to assist in the provision of affordable housing has an opening for a Housing Specialist. This is an opportunity to join an energetic team with a collaborative management group and work with affordable housing providers. New team members receive in-depth training to prepare them for their role. Additional training and professional development opportunities are also available, for both the affordable housing industry, and general business skills. The Housing Specialist is responsible for the timely and accurate completion of specified core tasks for a case management under HUD's Housing Choice Voucher Program (HCVP). Directly performs specified core tasks as part of a case management team. The Housing Specialists works closely with PHAs, participants and property owners to ensure compliance pursuant to HUD policy and the PHA's HCVP Administrative Plan. Your future duties and responsibilities Responsibilities will include but not be limited to: completing assessments, evaluations, income calculations, file reviews, and development of operating procedures for Affordable Housing programs, either independently or as a team member, while at the same time maintaining a high quality of customer service with clients. Specific duties include but not limited to: Manage, monitor and maintain monthly portfolio that includes but not limited to collecting, processing and verifying documentation for clients and stakeholders; contacting third party sources for verifications based on outlined criteria. Ensure that tasks assigned are completed in an accurate and timely manner. Operates/maintains computer, printer, scanner, copier, fax and additional office machines. Completes accurate data entry in CGI and client system of record necessary to monitor and produce forms, reports, correspondence o",,,,aarp_us,us,2021-09-01T00:00:00-04:00,OTHER,Government,Platform Operations
b77b824988b2216ef986c418b47c9544b,ThisWay,Metrics Analyst - Federal Programs,"Washington, DC",https://jobs.aarp.org/job/metrics-analyst-federal-programs-washington-dc-7789c861e1c90d7c846d630f74275b45b,"Our partner is currently hiring an experienced Program Performance Metrics Analyst Consultant to support our DHS CISA School Safety team. The successful candidate will work as a member of the engagement team in the area of program management support for a government school safety program. This position is located on-site with our client in the Metro DC area, is metro accessible. Duties and Responsibilities: * Support the team in the development and maintenance of a performance management plan to measure the performance, outputs, and outcomes of the School Safety Task Force program * Assist federal program staff with the development of concrete and demonstrable metrics and measures of program outputs and outcomes * Work with client to develop organizational strategic plans, set goals, develop performance measures, and monitor results as required by GPRA Modernization Act of 2010 * Perform collection of data and develop a monthly performance management dashboard for identified output and outcome measures of program activities and deliverables * Document complex business processes and workflows, identifying areas for improvement in support of the performance management plan * Develops and reviews program and project documentation and client briefings. Requirements * Three (3) years experience in working on programmatic strategy and performance * Ability to build dashboards to visualize complex data using tools such as Tableau * Knowledge of school safety issues is useful but not required * Ability to pass client clearance requirements. Desired Skills: * Ability to analyze, synthesize, and convey information into client deliverables intended for use by non-technical audiences * Experience in business process improvement and developing process flows * Ability to operate under minimum supervision where appropriate and understand when to escalate issues to management * Ability to interact with multiple project team members and client personnel at various organizational lev",,,,aarp_us,us,2021-09-01T00:00:00-04:00,OTHER,Government,Analytics / Business Operations
750d085df77eabae67b5bc188d3e8c79b,C.R. England,Corporate Counsel,"Salt Lake City, UT",https://jobs.aarp.org/job/corporate-counsel-salt-lake-city-ut-5826539cb0e410099abd1737abd540e0b,"Overview: C.R. England, a 100-year old leader in the transportation industry, is seeking an Associate General Counsel at our Salt Lake City headquarters. Duration: 6 months Ideal candidates will be aggressive, strategic employment litigators with at least 10 years of California employment litigation experience. This role directly oversees all labor and employment matters and compliance efforts This position reports directly to the Chief Legal Officer Must live in or be willing to relocate to Utah and work onsite at our Salt Lake City headquarters. Responsibilities: Essential job requirements may include, but not limited to: This role assists in directing and overseeing nationwide labor and employment law compliance and litigation efforts. Essential job functions include: Providing advice and counsel to executive leadership, operation and support departments, and corporate human resources regarding employment law and compliance matters. Leading and advising committees established to ensure legal and regulatory compliance. Assisting in establishing enterprise policies and practices. Interpreting federal and state laws, rules, and regulations affecting nationwide and some international operations. Directing employment matters, including administrative hearings and civil litigation. Coordinating company responses to regulatory audits and administrative investigations. Advising and assisting in labor relations matters in conjunction with the Vice President of Associate Relations. Able to handle multiple tasks and work effectively independently or in a team environment. Keep company leadership informed of project priorities and any issues that may require their attention. Work with other department leaders to establish goals, align priorities and define departmental processes. Practice and observe safety rules and regulations and encourage others to do so at all times. Always conduct yourself in a manner that reflects a positive, professional image. Must maintain a profes",,,,aarp_us,us,2021-09-01T00:00:00-04:00,OTHER,Government,Platform Operations
82eecd15335e80f9ed2b96f175376bc9b,IDEMIA,Enrollment Agent I,"Indianapolis, IN",https://jobs.aarp.org/job/enrollment-agent-i-indianapolis-in-80403e2c668348b2cabe5aeb68bee1d8b,"Overview: IDEMIA is the global leader in identity and security. Our mission is to create a safe and simple future where identity verification is indisputable, and only you can assert your identity. We are a distributed company leveraging the latest technologies to deliver world-class products in the private and public sectors of finance, telecom, identity, security, retail, sports entertainment, commercial, government, and IoT. We use a variety of technologies and approaches to deliver quality product and services to government agencies and technology companies. IDEMIA is a made up of a group of 14,000 diverse people from different nationalities, speaking over 20 different languages. Together, our solutions impact the everyday lives of citizens and nations. In this ever-changing world, protecting your identity is paramount. Join the team that is ensuring one person- one identity. Responsibilities: Do you have an interest in security, law enforcement, biometrics, and the safety of your community? Are you a customer service oriented, people person? If so, the Enrollment Agent position at our IdentoGO locations might be a great fit for you. You ll get to use cutting edge technology to obtain fingerprint records (any CSI/true crime fans out there?) while helping to cut down on crime and keep those with questionable backgrounds from having access to our ports, the transportation of hazardous materials, as well as the relaxed security requirements of TSA precheck customers. If you re interested in providing a service to your fellow citizens and interacting with customers on a day to day, face to face basis, submit your application for the Enrollment Agent position today! Essential Job Functions (includes but is not limited to): Provide superior customer service to internal and external customers Perform basic maintenance and troubleshoot issues with fingerprinting and retail equipment, including computer hardware and software Verify customer identity and scan required doc",,,,aarp_us,us,2021-09-01T00:00:00-04:00,OTHER,Government,Analytics / Business Operations
0c5f1938787274561a20a89d0d3b8068b,Network Building + Consulting,Project Associate,"Raleigh, NC",https://jobs.aarp.org/job/project-associate-raleigh-nc-409b2b335aa6b1ef0190f034d20bdc8cb,"Overview: The Project Associate role is designed to build versatile company leaders by providing cross-functional experience through two rotations within the Project side of NB+C. Each rotation lasts three months and will walk Associates through both the Site Acquisition and Construction Management aspects of a project. These rotations are designed to build the business acumen and expertise that is imperative for success at NB+C. Associates will be led through this training program by two mentors who are subject matter experts in their fields. The Project Associate will support the project team with varying degrees of direct project responsibilities while developing a baseline knowledge of the telecommunications site development process. Project work will focus on new site development of macro and small cell sites, the modification of existing telecommunications facilities, fiber optic networks, and other project types as required. Direct project responsibilities will focus on site selection and leasing activities, zoning and permitting, site surveys, walks and field visits, and construction oversight. Development of project skills will focus on the required interactions of all disciplines, project reporting, and understanding the entire telecommunications site development project cycle. Responsibilities: Overall Project Responsibilities: Assist with database management of both internal and external project schedules, data entry, report generation and distribution. Develop and maintain understanding of the current status of multi-discipline project deliverables. Report analysis, both quantitative and qualitative. Work in partnership with contributing team members, clients, utilities, municipalities, county managers, and other stakeholders to expedite project completion and approvals and ensure that the project pace is not impacted negatively by unnecessary delays. Report clear and complete status updates to internal managers. Maintain internal and client databases a",,,,aarp_us,us,2021-09-01T00:00:00-04:00,OTHER,Government,Analytics / Business Operations
096e84da69fa969562db78e57b2ba6ceb,Chenega Corporation,Escort Officer,"Alexandria, VA",https://jobs.aarp.org/job/escort-officer-alexandria-va-3927925957438719d5dcb678fe00674db,"Overview: The Escort Officer will escort and monitor non-cleared personnel, and assist with access control for secured areas at a federal government installation. Responsibilities: Escorting and monitoring un-cleared workers in accredited facilities Denying entrance of prohibited materials and other items as specified by the Accrediting Official (AO) or designee Conducting random inspections of secured areas for unapproved personnel and material items Handling various other duties as needed. Qualifications: At least 6 months of security experience Ability to work a consistent full-time or part-time guard schedule Must have reliable transportation to and from the worksite. Ability to operate a personal computer is required Ability to maintain required security clearance General knowledge sufficient to aptly operate a hand-held radio is required. Must be available for weekend and on-call work.",,,,aarp_us,us,2021-09-01T00:00:00-04:00,OTHER,Government,Platform Operations
661cd652f79217fd51442ff3887dc917b,"Evolver, LLC.",Program Manager - DHS CISA,"Reston, VA",https://jobs.aarp.org/job/program-manager-dhs-cisa-reston-va-a6c4373d31b7b43b731d6dde569b97fbb,"Overview: Evolver, a Converged Security Solutions company, is an information technology company serving the Federal, Commercial, and Legal markets that addresses client challenges in the present and transitions clients into the future by introducing efficient and effective IT solutions. With a dedicated focus on client satisfaction, CSS has proven its value time and time again, from managing day-to-day operations to skillfully navigating the implementation and support of new technologies. Our core competencies are infrastructure, application development, cybersecurity, cloud, end-user support, data analytics and legal services. We believe our employees are key to our success and continued growth. We attract and retain our diverse workforce by promoting a work-life balance with generous and flexible time off, competitive compensation and benefits, and a commitment to professional development. When you join our team, you join a community of talented and dedicated individuals whose abilities, skills, and actions contribute to the success of the company every day. Evolver is seeking a Program Manager - CISA to join a new Program to support the Department of Homeland Security. Work location is Washington, DC Metro area. Responsibilities: Evolver is looking for a program manager to lead new cybersecurity efforts in support of the Department of Homeland Security. Candidates should have extensive backgrounds in implementation of federal cybersecurity programs. Experience with the Department of Homeland Security, or any of it s divisions, is desired. Job Description The Cyber Security Program Manager oversees and manages the operational aspects of multiple projects and provides direct interface with customers. Responsible for the growth of new projects by working with clients to fulfill new and emerging requirements. Reviews status of projects and budgets, manages schedules, and prepares status reports. Assesses project issues and develops resolutions to meet productivity, q",,,,aarp_us,us,2021-09-01T00:00:00-04:00,OTHER,Government,Product Operations / Program
75f2d3307c1196e8e13a68cc3c8cbb67b,AutoNation,"Manager, Health and Welfare Benefits","Fort Lauderdale, FL",https://jobs.aarp.org/job/manager-health-and-welfare-benefits-fort-lauderdale-fl-661cd652f79217fd51442ff3887dc917b,"Overview: Position Summary Manage benefit carriers, vendors and third-party administrators to meet the business needs and implement strategies that are both cost effective and that deliver the highest quality to participants. Ensure ERISA program compliance with carriers and vendors. Organizational Relationships This position reports to the Director of Benefits. This position works closely with carriers, vendors, third-party administrators, external consultants, and legal firms. Job Responsibilities Manage fully insured carriers, including medical, dental, vision, life insurance, maternity/disability, voluntary benefit programs, discount programs and the employee assistance program. Analyze benefit programs and carrier products to develop business plan recommendations resulting in design changes that meet company business needs. Implement strategies that are both cost effective and that deliver the highest quality to participants. Manage and monitor health and welfare vendors compliance to the contract provisions and negotiated performance guarantees. Work with consultants to negotiate renewals with carriers and vendors within the department budget projections. Project based once per year. Lead Short-Term Disability annual premium cost analysis for rate determination. Lead role in writing technical plan documents, SPD language, Plan Documents, administrative and training manuals, and oversight of production of such manuals. Manage plan administration in accordance with Plan documents and regulatory standards (e.g. DOL, ERISA, and IRS). Research and respond to eligibility appeals for fully insured coverages. Develop requests for proposals, and evaluate and assist in the selection of vendors, carriers and insurers. Manage advertising agency and take lead role in developing employee and HR benefit communications, including those for Annual Enrollment, New Hire and ongoing communications as well as disability return to work policies and life insurance filing processes. ",,,,aarp_us,us,2021-09-01T00:00:00-04:00,OTHER,Government,Platform Operations
3f8421ab231157d18094cc4c7663acc9b,Conduent,Eligibility Specialist - Hearings and Appeals,"Fort Wayne, IN",https://jobs.aarp.org/job/eligibility-specialist-hearings-and-appeals-fort-wayne-in-ff14ff74f538e87c37c641c78617d3c7b,"About Conduent: Through our dedicated associates, Conduent delivers mission-critical services and solutions on behalf of Fortune 100 companies and over 500 governments creating exceptional outcomes for our clients and the millions of people who count on them. You have an opportunity to personally thrive, make a difference and be part of a culture where individuality is noticed and valued every day. Job Description: Job Responsibilities Completes pre-hearing conferences with clients who are appealing the eligibility decisions for FS, TANF, Hoosier Healthwise, Medicaid A B or D and IMPACT. Reviews cases under appeal to ensure that case information was gathered and processed in a complete and accurate manner in accordance with State policy. Enters client data into the ICES system Assists clients with understanding their rights and responsibilities under the appeals process. Documents verification of eligibility into the ICES system and summarizes case activity on CLRC or CLSC screens Documents all hearing related information and activity in ICES and FACTS systems. Works assigned alerts, and incoming documents daily Answers customer questions regarding appeals and appeals process. Prepares and presents a hearing exhibit packet for a fair hearing as a representative of the state of Indiana. Completes all corrective actions on second party review, Quality Assurance or Quality Control errors Completes policy quizzes and Random Moment surveys timely Additional duties may be assigned as required by business needs REQUIREMENTS/QUALIFICATIONS: High School Diploma/GED Extensive Experience with ICES(Indiana Client Eligibility System) or WFMS (Workflow Management System and SMART. Experience working w/ Public Assistance Programs (Medicaid, TANF, Food Stamps) Extensive experience with the Indiana Eligibility Modernization Project (Policy and Procedures) Preferred: 2 plus years of experience working w/ Public Assistance Programs (Medicaid, TANF, Food Stamps) Consistently maintainin",,,,aarp_us,us,2021-09-01T00:00:00-04:00,OTHER,Government,Workflow / Support Operations
eee9713bc472ca58c13e9ea32e40e6b7b,Baptist Memorial Health Care Corporation,Trainer-Registration,"Memphis, TN",https://jobs.aarp.org/job/trainer-registration-memphis-tn-d0acebe6b211b727db26daec7f1eb4d6b,"Overview and Responsibilities: Job Responsibilities Conduct registration and scheduling education/training to staff Responsible for identifying and developing competencies for staff Assist in the development and update of all training materials Responsible for the success of all assigned registration related revenue cycle activities. Provides guidance and development for best practices related to appointment scheduling, registration and front desk workflows. Job Summary This position is responsible for providing education/training to new hires and for on-going education to staff across the organization. This position is also accountable for the on-going development, implementation and monitoring of the quality of information input into the system during the process of scheduling, insurance, pre-registration and registration. Qualifications: Education Description Minimum Required Preferred/Desired Minimum High School Diploma CHAA(Certified Health Access Associate) certified or obtain within a year of employment. Associate degree or equivalent in healthcare business related field or equivalent combination of education and experience. Baptist OneCare Credentialed Trainer (EPIC - Cadence) CHAA(Certified Health Access Associate) Experience Description Minimum Required Preferred/Desired Five years or more physician practice experience to include patient registration and insurance verification or related area. In-depth knowledge and understanding of both governmental and commercial payers. Must be knowledgeable of the revenue cycle and practice management systems. Licensure Description Minimum Required Preferred/Desired CHAA within one year. CHAA",,,,aarp_us,us,2021-09-01T00:00:00-04:00,OTHER,Government,Platform Operations
89b9ca54957282edd6314cf2a10fdecbb,City of Alexandria Virginia,Watch Officer,"Alexandria, VA",https://jobs.aarp.org/job/watch-officer-alexandria-va-58d65651c908171006eda01da13109d7b,"*Watch Officer* The City of Alexandria is located in northern Virginia, and is bordered by the District of Columbia (Potomac River), Arlington, and Fairfax counties. With a population of approximately 150,000 and a land area of 15.75 square miles, Alexandria is the seventh largest city in the Commonwealth of Virginia. Alexandria has a charming waterfront and is a unique and historic place to live and work. About one-quarter of the City's square miles have been designated as a national or local historic district. We proudly embrace our rich history and seize the endless opportunities that lie ahead. If you are interested in working for the vibrant City of Alexandria, we invite qualified candidates to apply for a position as a *Watch Officer*. *An Overview* The Watch Officer oversees the Department of Emergency & Customer Communications (DECC) call center operations and provides supervision to the department's Public Safety Communications Supervisors. This position is responsible for monitoring, analyzing and assessing the potential impact that local and national threats may have on City-wide systems and resources; maintains communication with stakeholders including departmental staff, local and regional emergency communications officials, and the public; manages the department's quality assurance program and accreditation program; and serves as the notification point-of-contact for information responsible for managing the Employee and Public Alerting System utilized by the City. The work is performed under the general supervision of the Deputy Director. *What You Should Bring* The ideal candidate will possess thorough knowledge of emergency management technologies supporting watch desk operational activities, dispatching and communications systems, policies, procedures, and equipment; thorough knowledge of the geography of the City, or the ability to readily acquire such knowledge; good knowledge of Federal Communications Commission regulations; good knowledge of Vir",,,,aarp_us,us,2021-09-01T00:00:00-04:00,OTHER,Government,Platform Operations
8d03c111dbc262f5c20af027ba72a55fb,Maximus,Find out how to start your career with Maximus!,"Memphis, TN",https://jobs.aarp.org/job/find-out-how-to-start-your-career-with-maximus-memphis-tn-14e2d2dfef6d3c5b475c777cbb5ede38b,"**A place where you can make a difference.** We're Maximus, a leading provider of health and human services worldwide. For more than 40 years, we've partnered with state, federal and local governments to provide communities with critical health and human service programs. We leverage our extensive experience to develop high-quality services and solutions that are cost effective and tailored to each communities' unique needs. As we continue to grow, we're eager to find talented, driven, results-oriented individuals from all over the nation to join us. We'll soon be hiring for our **entry-level roles** across the different functions of the company. Whether your passion is in consulting, finance, government program management, systems, case management or administration, we are ready to provide you with an opportunity for professional growth. Submit your interest today and let us know that you're interested in joining the team here at Maximus! By submitting your interest, you'll also be one of the first to receive a notification of when our entry-level roles are up and ready to accept applications.",,,,aarp_us,us,2021-09-01T00:00:00-04:00,OTHER,Government,Product Operations / Program
fbf0485149c868f715a54398859bbb8eb,LexisNexis Risk Solutions Group,Sr. Fraud Data Analyst- Federal,"Washington, DC",https://jobs.aarp.org/job/sr-fraud-data-analyst-federal-washington-dc-90ad3803515d20a56673fe2bcaeb4d10b,"This position exists to provide support to a dedicated federal government customer in the role of Sr. Fraud Analyst. This analyst will bridge thegap between customer requirements and production outcome as a subject matter expert on LexisNexis solutions within the Special Investigations Unit (SIU). The Public Safety SIU is comprised of former law enforcement experts who leverage the LexisNexis solutions and data offering to provide real-time investigative insight for LexisNexis customers. This position also serves to work with the sales team by analyzing data and monitory production, building practices, procedures and support functions required to maintain the quality and timely delivery of information. Experience with banking analysis and white-collar related fraud investigations required. This is a hybrid, office based role in Washington, DC. Responsibilities: Design and implement methods to gather, analyze and continually assess risk using financial data with the objective of helping government entities solve problems. Research companies and the associated individuals to form an object opinion on potential risk. Analysis of data provided by customers to identify crime and provide insight into crime solutions and customer workflow analysis. Analysis of batch input and output data for Quality Control (QC) measures, potentially interesting patterns, trends, etc. to ensure optimal output performance. Works directly with sales team to support crime solution product understanding, implementation and best practices. Works directly with customers to support crime solution product understanding, implementation and best practices. Maintain positive customer relationship though detailed analysis of potentially large data sets over lifecycle of contract. Provides insight and input to other business groups on presentations to customers on analysis of crime data. Provides innovative ideas on product improvements and enhancements to manager for incorporation into new and existin",,,,aarp_us,us,2021-09-01T00:00:00-04:00,OTHER,Government,Analytics / Business Operations
132d78b24f7eae7d7d2a85457aa7a0bbb,Modis,Site Acquisition Specialist,"Orlando, FL",https://jobs.aarp.org/job/site-acquisition-specialist-orlando-fl-580a67747ea701fd90344e8917439ae5b,"Site Acquisition Specialist in Orlando, FL Location: Orlando, FL Contract Length: 09/20/2021 to 09/16/2022 Pay: $34-$36 / hr Position Summary Responsible for the preparation and submittal of various entitlement applications, permits and agreements to allow installation of communications facilities on Crown Castle poles, towers, fiber and other infrastructure. Requires knowledge of municipal processes, codes and ordinances, as well as frequent interface with local governments and jurisdictions. Essential Job Functions Perform all revenue producing services to meet projected goals and targets. Prepare and submit zoning and permitting applications. Monitor progress of municipal applications and facilitate jurisdictional request for additional information. Provide timely system updates and communicate effectively with all customers, both internal and external. Serve as entitlement lead during weekly customer meetings. Ability to comprehend and serve as a subject matter expert on matters related to state & local telecommunication municipal codes. Understand and be able to articulate details of Federal Wireless Facilities Deployment legislation including Sec. 6409(a) Wireless Facilities Deployment and related Federal Communications Commission (FCC) Orders. Serves as liaison between to Wireless Solutions Implementation teams to obtain, administer and ensure compliance with general conditions of approvals at permit and construction stages of the project, meeting project timelines. Understand financial information from projects impacting District, Area and Company financials. Provide tracking and reporting of costs associated with zoning and building permits and ensure reimbursable expenses are billed, collected and reconciled. Participate in District and Area pre-project planning meetings. Coordinate with Project Manager to ensure that permit submittal packages meet local and statewide municipal requirements. Coordinate with internal partners to ensure building permits are ",,,,aarp_us,us,2021-09-01T00:00:00-04:00,OTHER,Government,Platform Operations
684105136f5d22e240b01920f616c513b,Otsuka Pharmaceutical,"Executive Director, Government Affairs","Rockville, MD",https://jobs.aarp.org/job/executive-director-government-affairs-rockville-md-5563c100ed575350fe4a127e29262455b,"Reporting to the VP of Corporate Affairs, the Executive Director of Government Affairs (ED, GA) will head the federal and state government affairs teams and provide the strategic vision, leadership and senior execution of Otsuka GA and public policy activities. This role will sit on the Corporate Affairs Leadership team and will develop and guide the GA strategy, represent Otsuka with senior policymakers and regulators and advise Otsuka senior leadership on critical opportunities and challenges for the company and the industry at the federal and state levels. Based in Washington D.C. and Rockville, MD., the ED, GA will work closely with the Sr. Dir of Corporate Communicationsand the VP of Patient Advocacy and Stakeholder Management to collaborate on Corporate Affairs strategy and priority and will supervise public policy, federal and state advocacy, the Otsuka PAC and grassroots activation of Otsuka employees. S/he will work cross functionally with Pricing, Regulatory, Legal, Compliance, Market Access, VRWE and Therapeutic Area leads in Commercial and Clinical, to advance key Otsuka priorities. S/he will help ensure patient access to Otsuka's portfolio by advocating for and advancing policies relating to federal public programs, including Medicare and Medicaid, intellectual property, public health programs, digital innovation and more. S/he will also work to ensure the Otsuka team is educating Members of Congress and staff, state lawmakers and regulators about the challenges facing patients with serious mental illness, rare kidney disease, Alzheimer's disease as well as advance health policies that improve the treatment of these diseases. S/he will help to elevate Otsuka's voice and credibility among the policymaking community with the achievement of strategic objectives, supporting work around a proactive policy agenda and the Otsuka Public Policy Committee. S/he will help to lead our alliance development in the policy space, s/he will manage a multi-million dollar",,,,aarp_us,us,2021-09-01T00:00:00-04:00,OTHER,Government,Platform Operations
371b344e70a58d8e8a46ecb6ce561e93b,CyberCoders,100% REMOTE Government Underwriter (Wholesale &amp; Retail),"Atlanta, GA",https://jobs.aarp.org/job/100-remote-government-underwriter-wholesale-retail-atlanta-ga-bd14a9a350b64895ecaf153c7ed52fe4b,"Leading national direct lender is in growth mode and currently seeking certified DE Underwriters for immediate hire in REMOTE roles. We have Wholesale and Retail divisions of firms with excellent streamlined processes that allow for quality high-volume. All have strong supportive cultures that offers a great long-term home for the right Underwriters. Very competitive base salaries, overtime and per file bonuses are all offered. Multiple positions open that are all 100%remote - numerous Time Zone options available. What You Will Be Doing The Underwriter reviews, conditions and underwrites mortgage loans in accordance with established policies and procedures and appropriate guidelines; examines all documentation for accuracy and completeness. Job Functions And Responsibilities "" Review and analyze the mortgage loan application to ensure eligibility, accuracy, completeness, and compliance with internal and regulatory guidelines to minimize risk factors "" Review all required loan data, reports, and inspections to insure the collateral is acceptable to investor, company, and FHA guidelines "" Responsible for making independent decisions regarding acceptance and risk of loans according to HUD, company, and investor guidelines. "" Provides final approval underwriting of mortgage loans. "" Completes all required paperwork and forms in a timely and accurate manner; prepares required forms "" Sign off conditions in a timely manner set by management "" Work with staff and management to find solutions on escalated loans "" May be requested to make recommendations for improving Internal Audit s policies and practices "" Manage loans by using all functions of Encompass "" Effectively communicate underwriting decisions with processors and advisors "" Maintain high level of customer service and communication with other departments What You Need for this Position DE Certification Preferred LAPP/SAR Certification Preferred 5 Years' experience working with FHA, VA, USDA, or Bonds Solid experie",,,,aarp_us,us,2021-09-01T00:00:00-04:00,OTHER,Government,Platform Operations
045647c6d5e93af353596b9ffd4e8c3db,OSF Healthcare,Dispatcher,"Rockford, IL",https://jobs.aarp.org/job/dispatcher-rockford-il-11009343d92c01009b082f8ebfeadc0cb,"Overview: POSITION SUMMARY: The Dispatcher is responsible for monitoring emergency and non-emergency communication for medical assistance. They will dispatch staff and equipment based on appropriate prioritization of emergency services in response to requests received from the general public, government agencies, and other local or regional medical facilities. Qualifications: REQUIRED QUALIFICATIONS: Education: High School/GED Licenses/Certifications: CPR-Cardio-Pulmonary Resuscitation Other skills/knowledge: Excellent interpersonal and communication skills. Solid computer skills, including proficiency with Microsoft software. Strong analytical and problem solving skills, with the ability to be detail oriented. PREFERRED QUALIFICATIONS: Experience: Prior dispatch experience Licenses/Certifications: EMT-B, EMT-P, or EMT-P CC EMD License EOE/Minorities/Females/Vet/Disabled Job seekers will be afforded equal opportunity regardless of their race, ethnicity, veteran status or disability status.",,,,aarp_us,us,2021-09-01T00:00:00-04:00,OTHER,Government,Platform Operations
7caf2babbfa6e55f9f3bb41463489d5fb,ARAMARK,Senior Custodial Manager - North Chicago Public Schools,"Chicago, IL",https://jobs.aarp.org/job/senior-custodial-manager-north-chicago-public-schools-chicago-il-1408b5ae7b496ba33cc3b39c46b04b15b,"Overview: The people of Aramark proudly serve millions of guests every day through food, facilities, and uniform services in 19 countries around the world. Rooted in service and united by our purpose, we strive to do great things for each other, our partners, our communities, and our planet. We believe a career should develop your talents, fuel your passions, and empower your professional growth. So, no matter what you re pursuing a new challenge, a sense of belonging, or just a great place to work our focus is helping you reach your full potential. Learn more about working here at or connect with us on , and . Description: JOB FUNCTION DESCRIPTION: Facilities Services is responsible for the management of all cleaning and custodial operations. May include other services such as minor maintenance, grounds, or transportation services. JOB FAMILY DESCRIPTION: Custodial executes general facilities cleaning throughout the day or second shift for clients following predefined specifications. Some activities may include trash removal, bathroom restocking, spill cleanup, polishing/ dusting, and sweeping/ mopping, and snow management. POSITION SUMMARY: The Senior Custodial Manager is responsible for planning, administering, and directing all activities related to custodial operations, including Aramark and Chicago Public Schools (CPS) financial accountability, and compliance with the standards established by Aramark, regulatory agencies, and CPS. Establishes and maintains effective working relationships with other departments to provide a unified approach to custodial management. Primary level of impact is within own but can affect the overall District s facility safety and operations. The Senior Custodial Manager will support the development and growth as well as provide oversight to the Custodial Managers. ESSENTIAL FUNCTIONS: Develop and be accountable for a safety culture that creates a work environment where no one gets hurt. Create and develop relationships with client ",,,,aarp_us,us,2021-09-01T00:00:00-04:00,OTHER,Government,Platform Operations
10065c7bdef1ce244be15394128583a3b,Boeing,Systems Engineer 5: Engineering Strategic Campaign Alignment and Tactical Integration,"Destin, FL",https://jobs.aarp.org/job/systems-engineer-5-engineering-strategic-campaign-alignment-and-tactical-integration-destin-fl-132d78b24f7eae7d7d2a85457aa7a0bbb,"Job Description At Boeing, we innovate and collaborate to make the world a better place. From the seabed to outer space, you can contribute to work that matters with a company where diversity, equity and inclusion are shared values. We're committed to fostering an environment for every teammate that's welcoming, respectful and inclusive, with great opportunity for professional growth. Find your future with us. Boeing Talent Acquisition and Global Service Engineering Core Team - Integration is currently looking for a Systems Engineer 5 to join their team in Oklahoma City, OK; St. Louis, MO; Mesa, AZ; Philadelphia, PA; Fort Walton Beach, FL, Long Beach, CA; Huntsville, AL As a subject matter expert in the area of Boeing Campaign and Proposal execution for engineering content the candidate selected will drive strategic continuous improvement projects supporting engineering integration for campaign activities in addition to supporting tactical day-to-day integration activities for active campaigns and proposals. This position will require strong interpersonal skills required to build and maintain close relationships with engineering and program leadership to accomplish the statement of work effectively and efficiently. The candidate selected must be agile and organized to be successful in meeting the needs of the engineering leadership. This position reports to the senior manager of Engineering Integration and Operations in the BGS Engineering Core Team. Position Responsibilities: Integrates engineering content of all campaign activity across engineering teams Leads Impact Matrix Process to ensures that impacted teams are integrated when and where needed Facilitate ESGP for engineering with additional emphasis on Gates 1-5. Provide functional integration of engineering content (contracts, estimating, GS&M, SCM, GTO, etc.) Manage campaign look-ahead activity to ensure that engineering is proactively engaged as required Communicates RIOs and status to leadership Attends r",,,,aarp_us,us,2021-09-01T00:00:00-04:00,OTHER,Government,Platform Operations
f9842e757eeba84ed366a684963fd4feb,Fiserv,Fraud &amp; Dispute Specialist,"Omaha, NE",https://jobs.aarp.org/job/fraud-dispute-specialist-omaha-ne-b1aba3adbb3e7dd57549b8e8c2f15eecb,"What does a great Fraud and Dispute Specialist do? You will assist cardholders with Dispute/Fraud Resolution on behalf of issuers while complying with Reg E and /or Reg Z guidelines. You'll be responsible for the time sensitive processing of work cases based on both banking and credit card associations' regulatory guidelines and client requirements. This will involve evaluating, researching, decision making, monitoring, and communicating with key contacts up to and including investigations. Are you known for your time planning, organizational skills and time utilization? We want to hear from you. In this role, you can expect: A moderate to high level of complexity. Errors in this position may result in direct monetary impact and financial loss to Fiserv and clients. Ongoing learning due to changes with the Association's (Visa, MasterCard and American Express) regulatory requirements and client guidelines. To works cases that are at the Transaction and/or Account Level. The life cycle of a case to be typically 90-120 days in length. Research and evaluate the work case and process the dispute, fraud, chargebacks and/or complaints. Monitor systems to detect possible fraudulent behavior related to credit card usage and contact card holders to investigate possible fraud. Basic qualifications for consideration: High School diploma or equivalent required; Associate s degree preferred 1+ year financial or customer service experience Preferred qualifications for consideration: Experience with Reg E and Reg Z regulations We will ensure that individuals with disabilities are provided reasonable accommodation to participate in the job application or interview process, to perform essential job functions, and to receive other benefits and privileges of employment. Please contact us to request accommodation. Learn more about us. To support the total well-being of our associates, Fiserv takes a broad approach to our benefits. We offer a comprehensive benefits package that provides ",,,,aarp_us,us,2021-09-01T00:00:00-04:00,OTHER,Insurance,Platform Operations
11eb45734e489e72dfe880181f1bf1f0b,Prime HealthCare,Sr. Biller/Collector - Medicare,"Pomona, CA",https://jobs.aarp.org/job/sr-biller-collector-medicare-pomona-ca-029684d06410adba32c82be4f438f47fb,"Responsibilities The Senior Medicare-Medicaid Biller/Collector is responsible for both billing and collections, gathering and securing all information needed for billing, follow up, and payment of accounts in accordance with the specific payer guidelines, policies, procedures, and compliance regulations for Medicare-Medicaid. This includes maintaining the deficiency lists used to obtain missing documents from internal or external entities, resolving claim rejections, packaging claims, including global billing with attachments of professional fee claims, performing proactive follow up with payers and other entities and securing payment of accounts. The senior biller/collector is accountable and responsible for billing through account closure. Qualifications Education and Work Experience * Minimum of three years hospital managed care/commercial collector experience. * 2 years of recent hospital Medicare billing experience in an automated environment. * Associates degree or equivalent work experience required. * Knowledge of contract interpretation. * Familiar with hospital billing requirements. * Knowledge of out of state Medicaid billing guidelines. * Knowledge of basic Medicaid/Medicare billing rules, regulations, and deadline. * Working experience with all payer types including: commercial, governmental, Medicare, Medicaid, HMO, etc. and the ability to cross-over into different payers. We are an Equal Opportunity/ Affirmative Action Employer and do not discriminate against applicants due to veteran status, disability, race, gender, gender identity, sexual orientation or other protected characteristics. If you need special accommodation for the application process, please contact Human Resources. EEO is the Law: (",,,,aarp_us,us,2021-09-01T00:00:00-04:00,OTHER,Insurance,Platform Operations
79bb5c9f86c194ea8fa56e9b5c5ea2a7b,Univar Solutions,Credit Specialist II,"Renton, WA",https://jobs.aarp.org/job/credit-specialist-ii-renton-wa-1096753b01c83f0f006e2bc69d1f0be6b,"At ChemPoint, the Credit Specialist II provides a wide range of credit sales support services by managing the credit approval process, maintaining orderly flow of shipments and monitoring accounts to identify overdue payments. How you Contribute Analyzes credit data and financial information of companies that are applying for credit to determine the risk, credit line amount and payment terms. Reviews and follows up on past due categories for delinquent accounts. Communicates with the appropriate sales team members regarding pertinent collection issues. Collects customer payments in accordance with payment due dates. Processes credit card payments. Resolves billing and customer credit issues. Maintains an Alpha-Numeric territory of ~$85M in rolling 12 month sales. Skills and Background Knowledge and experience working with MS Office Suite, with strong Excel skills. Bachelor s degree from a fully accredited four-year institution is preferred. Benefits Benefits start first day of hire Paid time off Amazing company culture, laid back office environments and work from home flexibility Ongoing training from management Opportunities for raises/promotions Career progression #LI-TW1 Univar Solutions/ChemPoint is an equal opportunity employer. All qualified applicants will receive consideration for employment and will not be discriminated against based on their race, gender, sexual orientation, gender identity, religion, national origin, age, disability, veteran status, or other protected classification.",,,,aarp_us,us,2021-09-01T00:00:00-04:00,OTHER,Insurance,Platform Operations
cc4882f21e07ed98b4620db68106c51cb,Sumitomo Mitsui Banking Corporation,Trade Finance Credit - Associate (Consultant),"New York, NY",https://jobs.aarp.org/job/trade-finance-credit-associate-consultant-new-york-ny-6828ad9e84e1dec90659ea9776ebe32ab,"Overview:We are looking to contract a temporary Associate to join our Trade Finance Credit team within the Global Trade Finance Department at SMBC Americas. The candidate will cover the portfolio of financial institutions. The Trade Finance Credit team is responsible for the underwriting and credit analysis of trade finance and supply chain finance transactions.The successful candidate will be primarily responsible for providing credit analysis, preparing credit applications, supporting the closing and execution of transactions, and primarily serving as a general resource to the Global Trade Finance Department. The position requires interaction with relationship managers, credit officers in the credit approvals department, and middle/back office.Responsibilities:Provide thorough, in-depth analysis on new credit requests, change of conditions, renewals and annual reviews for new and existing clients. Deliver clear, concise, and detailed credit analysis of financial institutions. Actively engage in the credit application approvals process and ensure submitted applications are complete and timely. Obtain support documentation for the execution of transactions and coordinate with middle office, and back office during closing and execution process. Respond to day-to-day inquiries from marketing teams, relationship managers, credit approval department, middle and back office. Remain aware of all compliance and risk factors and continually work together with senior members of the team to proactively minimize and mitigate risk. Maintain a good working knowledge of the bank's credit policies and procedures and identify exceptions to policies. Preparing responses to several queries from relevant stakeholders, ad hoc projects, and activities as required within the group.Qualifications:At least 3 years of relevant work experience and a minimum of 3 years of work experience in the front office of a corporate bank or Trade Finance department preferred. Bachelor's Degree in Financ",,,,aarp_us,us,2021-09-01T00:00:00-04:00,OTHER,Insurance,Platform Operations
8895b8ff2c3f5ddf17db19a3edb4cd22b,Victoria&#039;s Secret,Summer 2022 Finance Internship with Victoria&#039;s Secret &amp; Co.,"Columbus, OH",https://jobs.aarp.org/job/summer-2022-finance-internship-with-victoria-s-secret-co-columbus-oh-7ccbaaffe8b2b6dc47f5fbbe03d2e69ab,"Victoria's Secret & Co. is looking for interns to join their various Finance teams in the summer of 2022! Finance interns will have the opportunity to work along-side and learn from professionals that will provide hands-on training, as well as complete recurring and ad hoc projects specific to the area in which each candidate is placed. Over the 12-week internship, interns will develop relationships with each other and key leaders within the enterprise through training, community service, and other associate-only experiences. Finance Internships are available in the following areas:AccountingCentral PlanningFinance TechnologyInternal AuditRetail Operations RESPONSIBILITIES: Assist in preparation of standard business reporting and month end close activitiesPerform business and profitability analysisCommunicate research findings in a professional, concise, and technical mannerProvide assistance with departmental administrative needsComplete special projects as directed QUALIFICATIONS:Working towards a Bachelor's degreeMust be able to work 40 hours per work during the summer of 2022Eligible to work in the United StatesExperience with Microsoft Office Suite; Excel and PowerPointDemonstrate a strong desire to learnExcellent verbal and written communication skillsAbility to work in a fast-paced environment with minimal supervisionGeneral curiosity around retail/ fashion industry",,,,aarp_us,us,2021-09-01T00:00:00-04:00,OTHER,Insurance | Accounting/Finance,Analytics / Business Operations
d912ae344590b1e87500612586a09e47b,Global Benefits Group (GBG),Financial Planning Analyst,"Hialeah, FL",https://jobs.aarp.org/job/financial-planning-analyst-hialeah-fl-0fe04543206577074e2ac3516d243e8bb,"Position OverviewThe FP&A Analyst will play a critical role in assisting the development and analysis of operating and capital budgets for a global specialty insurance company. Position will report to the Regional Financial Controller and will be responsible for the annual operating plan, financial modeling, monthly variance analysis, and P&L reporting. The Analyst will provide day to day analysis in support of business decisions and will partner cross functionally to achieve the Region's financial objectives.Essential Responsibilities & Functions include: Participate in creating monthly, quarterly, and annual consolidated and subsidiary financial statements comparative to annual budget and periodic forecastsAssist in developing and maintaining financial modelsUpdate and review transactions in the GL system to ensure accuracyExtract large amounts of data and synthesize for easy understanding by managementSupport the development and distribution of timely management reporting and analysis packagesDashboard, reporting, and ad hoc presentations to Regional executive teamAssist in developing key performance metrics, Regional objective setting, and performance tracking processPartner with Corporate FP&A Lead and Regional Actuarial ManagerExperience/Training/EducationBachelor's degree in Accounting, Finance or related field is requiredMinimum 3 years of FP&A or equivalent Finance or Accounting experienceAdvanced proficiency in Microsoft Excel and PowerPointStrong analytical and problem-solving skills; ability to multi-taskInsurance industry and/or consulting background preferredSpanish and/or Portuguese language skills preferredAdaptive Planning and/or Actisure software knowledge preferredSolid understanding of financial statementsLatin America Regional experience is a plus Employee BenefitsHealth, Dental and Vision401K / RothLife InsuranceLong Term Disability InsuranceTraining ReimbursementPaid Holiday and PTO time",,,,aarp_us,us,2021-09-01T00:00:00-04:00,OTHER,Insurance,Analytics / Business Operations
908c0c671d11d05b9e5c7ef20193f327b,The Execu|Search Group,Account Executive - Accounting &amp; Finance,"New York, NY",https://jobs.aarp.org/job/account-executive-accounting-finance-new-york-ny-15c047f1808af43b1d9d44e8ab0686a9b,"At The Execu|Search Group, our mission is to make the best possible match between people and companies. Our employees make a difference in job seekers' lives and equip them with the resources they need for long-term professional success. We are currently seeking an experienced Account Executive to join our fast-growing Accounting & Finance Sales team in our NYC office. This is a great opportunity to make a significant impact on the growth of the division and showcase your influencing and relationship-building skills to market our staffing solutions. If you're an energetic self-starter, we would love to hear from you! A day in the life:Foster new business development outside of existing accounts including professional network and industry vertical market. Attend Client Visits and develop comprehensive understanding of client company culture to better service them. Intake of Job Order details from clients such as daily responsibilities, and qualifications. Draft detailed job descriptions in database with attention to proper grammar, search optimization, and job marketing. Communicate new job openings and closings, job and credentialing requirements, and status of submittals to staffing team. Educate Staffing Managers on client submittal requirements and oversee submittal process of qualified candidates. Follow up on resume submittals to determine the status of the candidate moving forward in the interview process. Maintain client centric documentation on credentialing, compliance, onboarding documents, and policies. Promptly respond to and resolve credentialing matters, staffing emergencies and client/ candidate concerns as needed. Follow up after Client/Candidate Interviews (CCIs) to gain client feedback on candidates. Operate as a market consultant for clients and provide updated findings and observations throughout recruitment process. About you: Preferably 3 to 5 years of Staffing, Sales, and/or industry-related experience (But not a deal breaker!) Knowledge of Ac",,,,aarp_us,us,2021-09-01T00:00:00-04:00,OTHER,Insurance,Platform Operations
ee3f3226b9f7a00078ec1bf040f75ffbb,Amtrust North America,Claims Adjuster Associate - Starting November 1st,"Chicago, IL",https://jobs.aarp.org/job/claims-adjuster-associate-starting-november-1st-chicago-il-ddf13a4639aedc236a855725d0269622b,"Overview Over a 24-month period, the employee will train in all aspects of Workers Comp Claims handling. The position will be responsible for the prompt and efficient examination, investigation and settlement or declination of Workers Compensation insurance claims through effective research, negotiation and interaction with insureds and claimants, ensuring that company resources are utilized in a cost effective manner in the process. This position will not be starting until November 2021 Responsibilities Review, process and conclude lower severity claims as trained and directed.Provides quality service to all customers.Verifies coverages and policy conditions.Completes quality investigation by gathering all pertinent information.Determines if subrogation exists and takes steps necessary to initiate recovery efforts.Documents all correspondence, reports, discussions and decisions.Fulfill state licensing agreements/requirements (if applicable) and apply knowledge of state laws and regulations pertaining to the insurance industry.Other tasks as assigned by supervisor/manager. Qualifications Skills RequiredAbility to manage relationships in a fast paced environment, while demonstrating persistence along with problem solving and decision making skills to work with customers through a variety of challenging situations.Good analytical abilities to review, exercise judgment and evaluate claims in order to make sound decisions.Basic knowledge of claim procedures, policies, technology, state and federal laws and insurance regulations.Ability to multi-task and handle large volumes of work in a short period of time.Ability to communicate effectively and clearly, both orally and in writing.Ability to carry out detailed written or verbal instructions, ability to respond to requests effectively and efficiently and exhibit good common sense.Ability to work independently with self-initiative.Time management skills, organizational skills and ability to prioritize issues and tasks.Abi",,,,aarp_us,us,2021-09-01T00:00:00-04:00,OTHER,Insurance,Analytics / Business Operations
a2087f3748a9fd32213ea5d3fa6cbd78b,AmOne,Finance Manager,"Fort Lauderdale, FL",https://jobs.aarp.org/job/finance-manager-fort-lauderdale-fl-5bcd4fc9a65b4b3ee49b07e92d093cd9b,"The ideal candidate will be responsible for working with senior management to develop financial strategies for the organization. You are comfortable handling large amounts of data, acting as a business partner, decision maker, and providing regular financial reporting. ResponsibilitiesLead financial meetings Complete financial accounting and forecasting Deliver reports and metrics to leadershipQualificationsBachelor's degree or higher in Finance or related field 5 - 7 years of relevant experience Fluency in Microsoft Office suite (Outlook, Excel, Word, PowerPoint, etc.) Detail-oriented and analytical",,,,aarp_us,us,2021-09-01T00:00:00-04:00,OTHER,Insurance,Analytics / Business Operations
3abdbac01ba855d58144ecb1f68912f7b,New York City Housing Development Corporation,Credit Analyst,"New York, NY",https://jobs.aarp.org/job/credit-analyst-new-york-ny-908c0c671d11d05b9e5c7ef20193f327b,"Area of Talent: Credit Risk/Affordable HousingPosition Type: Full Time/ExemptLocation: NYC/Wall Street AreaPosition Summary:The Credit Analyst reports to Chief Risk Officer and will be an active participant in the monitoring and analyzing of HDC's credit risk exposures, policies, and procedures. The Credit Analyst will be responsible for performing loan portfolio analysis and any other analysis related to HDC's credit risk exposures. Additionally, the Credit Analyst will assist with special projects as directed by Risk Management staff.Responsibilities:Participate in the development and monitoring of credit risk management policies and procedures.Assist in the analysis of various types of lending proposals according to HDC's credit policies.Assist in the research and reporting of program participant credit quality according to HDC's credit policies.Develop and maintain financial models for assessing credit quality and asset management.Assist with coordination of the Corporation's Credit Committee, including review and dissemination of credit memos and maintenance of the Committee's minutes.Monitor and update credit rating agency actions (Moody's and S&P).Assist in the subsidy layering review process for projects utilizing HFA Risk Share Program.Assist in the annual maintenance and operating (M&O) expense review, including the research of each line item's history and the projection of future increases.Assist in the maintenance of the minutes for internal Corporation committees (including both Credit and Audit Committees).Perform periodic regulatory reviews of internal loan portfolios.Keep current on financial, accounting, and tax changes related to real estate and housing development that may impact HDC's credit policies.Perform such other duties as assigned by the Risk Management staff.Required Qualifications:Bachelor's degree from an accredited college or university in finance or real estate.Proficiency and working knowledge of computer programs for financial analy",,,,aarp_us,us,2021-09-01T00:00:00-04:00,OTHER,Insurance,Platform Operations
effa8b12b85c895a7789e88f9e535893b,The Resource,Insurance Specialist,"Greensboro, NC",https://jobs.aarp.org/job/insurance-specialist-greensboro-nc-2eec0b31c325f0ea33b59a2a6c6bfe57b,"The Resource is hiring an Insurance Specialist for our client, a credit reporting agency, located in Greensboro. This opportunity is Temp-to-Hire, offering a pay rate of $13.50 per hour, and has a 1st shift working schedule (8: 00am- 5: 00pm). The Insurance Specialist will be responsible for hospital and physician billing and collecting. The duties include working with payers to resolve issues and facilitate prompt payment of claims. Thorough knowledge and understanding of patient billing, claims submission, and payer specific requirements is preferred for this role. This position is highly focused on the resolution of insurance processing errors and denials. If you have experience in handling accounting procedures and have professional experience with medical insurance we' d love to hear from you, Apply Today! Responsibilities: - Verifying of health insurance benefits to ensure coverage and eligibility prior to claims submission - Follow-up regarding claim status - Identifying and resolving any and all outstanding issues preventing claim resolution - Call insurance company when necessary to find out why claim is rejecting and follow through by correcting information and resubmitting the claim for payment - Contact patient when necessary to obtain correct information to resolve issue for a prompt payment Qualification: - Experience with accounting procedures - Able to apply learned techniques in actual situations - Comprehensive knowledge of insurance plans, member eligibility, and medical billing - Understanding of CPT, ICD-9, UB, HCFA, and other medical terminologies - Strong problem solving and research skills - Excellent interpersonal, verbal, written skills and customer service skills - Knowledge of medical terminology - Familiarity with insurance explanations of benefits and denial codes - Ability to read and comprehend simple instructions, short correspondence, and memos. Ability to write simple memos or correspondence - Ability to effectively relate informat",,,,aarp_us,us,2021-09-01T00:00:00-04:00,OTHER,Insurance,Analytics / Business Operations
f843cce85159739462878550b0efd809b,Bank of America,Senior Underwriter - High Net Worth,"Tampa, FL",https://jobs.aarp.org/job/senior-underwriter-high-net-worth-tampa-fl-6a20fadc8a5bcc60eeb05c6c3b4dc8fab,"Job Description:Underwrites large or more difficult/complex residential loans ensuring compliance with appropriate company and secondary market investor standards. Examines loan documentation for accuracy and completeness. Works with loan originator or production staff to secure all required documents. May provide training and direction to more junior staff. Have authority to withdraw and decline loans. May develop and recommend modifications to underwriting and production procedures. Responsibilities include one or several types of mortgage lending (conventional, government-backed, etc.). May respond to individual and investor audits. Must achieve government underwriting authority consistent with individual level of experience, including a successful CAIVERS check. This position is subject to SAFE Act registration requirements. Pursuant to the SAFE Act requirements, all employees engaged in residential loan mortgage originations must register with the federal registry system and remain in good standing. Since your position requires SAFE Act registration, you will be required to register and to submit to the required SAFE Act background check and registration process. Failure to obtain and/or maintain SAFE Act registration may result in disciplinary action up to and including termination. Note: This role is eligible for Relocation Assistance.Job Band:H6Shift: 1st shift (United States of America)Hours Per Week:40Weekly Schedule:Referral Bonus Amount:0 --> Job Description:Underwrites large or more difficult/complex residential loans ensuring compliance with appropriate company and secondary market investor standards. Examines loan documentation for accuracy and completeness. Works with loan originator or production staff to secure all required documents. May provide training and direction to more junior staff. Have authority to withdraw and decline loans. May develop and recommend modifications to underwriting and production procedures. Responsibilities include one or",,,,aarp_us,us,2021-09-01T00:00:00-04:00,OTHER,Insurance,Platform Operations
d79f2b5944fbe52d61a4343c4d86fadab,National General,"Total Loss Claims Adjuster I, II, Sr.","Winston Salem, NC",https://jobs.aarp.org/job/total-loss-claims-adjuster-i-ii-sr-winston-salem-nc-a2087f3748a9fd32213ea5d3fa6cbd78b,"Primary Purpose:Examines claims data, investigates the facts of loss, determines coverage and liability, and adjusts claims within limit of authority. Claims involved frequently require analysis and may require research to resolve coverage and/or damage issues. There is periodic review of ongoing activities and results of work. There is more focused supervision on complex files (The CRII will handle complex files on a regular basis).Essential Duties and Responsibilities:Following is a summary of the essential functions for this job. Other duties may be performed, both major and minor, which are not mentioned below. Specific activities may change from time to time.Receive claim assignments and verifies/investigates coverage and documents all appropriate informationDetermine claim approval and or denial up to $7,500 per exposure or $10,000 per fileEstablish an investigative plan; initiate investigation by gathering facts and evidence with all interested parties; complete appropriate reports; take recorded statements when necessary; and review loss reserves and adjust or open hidden exposures as necessaryEvaluate and adjust claims within limit of authorityEvaluate settlement alternatives by reviewing regulatory compliance and fair claims practices; make decisions on best optionMake appropriate contacts to discuss a settlement; extend an offer to appropriate party; documents all file activity and payment/settlement information in file notes clearly outlining basis for settlementDetermine subrogation or fraud potential and refer to Unit when potential exists or handles to conclusionIf handling PIP may participate in investigations of medical providers and attend EUOsMay work with attorneys in resolving lawsuitsConduct negotiations and settlements within authority level, using independent judgment, or within discretionary levels granted above individual authority levelTrack and document the quality of service provided by defense counsel and manage litigation and recovery ",,,,aarp_us,us,2021-09-01T00:00:00-04:00,OTHER,Insurance,Platform Operations
1bd249d5a4976717e58b4a3264f50c46b,Massachusetts Mutual Life Insurance,Life Insurance Product Manager,"New York, NY",https://jobs.aarp.org/job/life-insurance-product-manager-new-york-ny-3abdbac01ba855d58144ecb1f68912f7b,"Do you want to be part of a team that encourages your growth, supports your ambitions and makes it a priority for you to reach your goals? Is helping people part of who you are? At MassMutual, we help millions of people find financial freedom, offer financial protection and plan for the future. We do this by building trust with our customers by being knowledgeable problem solvers and prioritize their needs above all else. We Live Mutual.DescriptionHaven Life Insurance Agency is an insurtech innovator at MassMutual that offers a new way to get life insurance online that's actually simple. It is composed of 250+ New York City-based engineers, marketers, designers, data geeks, and insurance nerds.We combine the culture of a startup with the stability and backing of a Fortune 500 company to create an environment that's truly unique. Our diverse team is composed of smart, collaborative people who think big, execute quickly and don't take themselves too seriously. We're located in New York's Flatiron District and in case you're wondering, yes, we provide free snacks. Cold brew too.If you're creative, professional and kind, we'd love to hear from you.ABOUT THE ROLEWe are seeking a detail-oriented person to join Haven Life's Coverpath team as a Product Manager, responsible for helping to build the next-generation insurance platform for clients and life insurance agents. You'll be working with a team of Software Engineers, QAs, Designers, and Compliance individuals to build new features to support the sales of our core insurance products (Whole Life, Term, Annuities, etc.) across different jurisdictions in the United States. You will serve as an important link between the Coverpath product teams and other key stakeholders.WHAT YOU WILL DO:Build strong relationships with the Software Engineers, QA and Legal Teams.Execute the implementation of life insurance products once approved by regulators in various jurisdictions.Advocate for great user experiences when coordinating prod",,,,aarp_us,us,2021-09-01T00:00:00-04:00,OTHER,Insurance,Platform Operations
ddb95a1080e53be0ad8374b80516ac9cb,Century Group,Finance Associate,"Los Angeles, CA",https://jobs.aarp.org/job/finance-associate-los-angeles-ca-6568fb733d2a1ea913330a32508da718b,"A well- established technology media company based in Los Angeles is looking for a Finance Associate to join their team. The ideal person will have a bachelor's degree and five plus years of experience. Must be strong in math and have a background in tech.Job DescriptionPrepare and analyze monthly financial reportsAssist with developing bottoms-up annual forecasts and updated Outlooks based on actual results Create tools and standardized reports for financial reporting Monitor performance indicators, highlight trends, and analyze causes of unexpected variance Support the monthly close reportingFinancial backbone for several teams REF# 38545#LI- POST#ZR",,,,aarp_us,us,2021-09-01T00:00:00-04:00,OTHER,Insurance,Analytics / Business Operations
272d42c2ee9ba41f1ab5c27e7ba3b19eb,Merchants Bank of Indiana,Credit Modeler,"Carmel, IN",https://jobs.aarp.org/job/credit-modeler-carmel-in-2c94e7e179131796eba4b29e0ec07994b,"Description: Summary: Merchants Bank of Indiana is seeking an experienced multifamily affordable underwriter. The Credit Analyst is responsible for ensuring the timely and accurate underwriting of multifamily and/or healthcare mortgage loan transactions in accordance with Merchants Bank guidelines. Responsibilities include reviewing new applications, monitoring the receipt of all due diligence from the borrower, analyzing the financial feasibility of new transactions, including construction, acquisition, and refinance loans, preparing applications for approval by the Bank's Loan Committee, and ensuring the loan is documented to bank and secondary market guidelines where applicable. The Credit Analyst will work closely with members of the Bank's originations, closing, and servicing teams. The position initially is an individual contributor role with no leadership or management responsibilities, however, will be looked to as a mentor by less experienced colleagues. This role may take lead on special projects. The Credit Analyst may have customer interactions with occasional travel to perform site visits. Essential Duties and Responsibilities: Underwrite multifamily and/or healthcare loans originated by Merchants Capital to Bank guidelines. Provide underwriting narrative and all applicable forms & exhibits to Loan Committee in a timely manner. Analyze and review third party provided reports including Phase I Environmental, Appraisal, Market Study, and Property Condition Reports. Review borrower provided organizational documents, financial statements, business debt and Real Estate Owned schedules. Collaborate with loan processor to confirm adequacy of due diligence (DD) for the loan file. Communicate to the processor/borrower any outstanding DD issues in connection with preparing the approval narrative, forms & exhibits. Work extensively with Microsoft Excel in financial models as it relates to the underwriting and flow of funds on transactions. Collaborate with closing",,,,aarp_us,us,2021-09-01T00:00:00-04:00,OTHER,Insurance,Platform Operations
0f5aec205b8f74c9f4d2abdfb7368347b,Alfa Laval,Credit Analyst,"Richmond, VA",https://jobs.aarp.org/job/credit-analyst-richmond-va-7695e0e6681d8cbaab93150c949ef809b,"Position SummaryThe Credit Analyst is responsible for collection and maintenance of customer accounts, establishment of lines of credit, collection of overdue accounts, and resolution of customer disputes while maximizing cash flow. The Credit Analyst is also responsible for maintaining good customer relations and assuring compliance with Corporate Credit Policy.Primary Responsibilities and TasksPerform credit evaluations on new or existing accounts by using Dun & Bradstreet or Trade & Bank referencesAssign credit limits based on Alfa Laval Credit PolicyApprove all new and incoming orders for all marketing divisionsContact customers via telephone and email regarding past due balances and account disputesInitiate required credits or corrections to customer accounts working with sales and customer serviceRecommend to Credit Manager delinquent accounts to be referred to outside collection agencies and/or in-house legal department as requiredAssist Credit Manager with monthly statistical reports as requiredPosition RequirementsBachelor's degreeProficient analytical, credit analysis, and collection skillsExcellent written and oral communication skillsCommitment to outstanding customer service and supportAbility to handle multiple tasks within a fluctuating workloadAbility to work with all levels of management and marketing/sales departmentsExperience using on-line collections tools (ie, Get Paid)Proficiency with Microsoft Office (emphasis on Excel)Knowledge of accounts receivable sub-ledger transactionsDemonstration of sound business judgmentEEO/Vet/Disabled Employer",,,,aarp_us,us,2021-09-01T00:00:00-04:00,OTHER,Insurance,Platform Operations
3d3e51296a6f798d73947a494b0c63e4b,Bank of America,Wholesale Credit Admin Associate II,"San Francisco, CA",https://jobs.aarp.org/job/wholesale-credit-admin-associate-ii-san-francisco-ca-50ee8b54790461d4c4e8be5ed46293bab,"Job Description:Overview of Role:WCA is a front line unit and part of GCIB Credit within Global Banking & MarketsOwnership and autonomy over a portfolio of institutional corporate clients from a credit administration perspectiveOwnership of key metric deliverables related to credit facilities and data qualityResponsibility for delivering to deadlinesWork closely with credit and operational business partnersLearn about clients, industries and risk managementHelp simplify and improve our processesOpportunity to growGreat place to work Responsibilities:Support and assist Credit Officers on a daily basis in the management of their portfolios, including the review of global credit facilities.Creation of credit approval documents for new, renewed and amended loan, trading and GTS facilities, and, the processing of these through the bank systems of record.Review approved credit approval documents to ensure compliance with bank policy and procedures.Identify and resolve facility data discrepancies.Respond to inquiries from credit officers and other business partners. Investigate and resolve incoming queries relating to the portfolio.Monitor and resolve facility document exceptions.Create, maintain and monitor credit and financial events and manage exceptions. Maintain accurate document records.Help simplify and improve our processes - active discussion Competencies:Strong communication skills, both written/oral, can communicate effectively across various lines of business and levels. Ability to adapt to a changing environment and responsibilitiesQuickly learns and understand processes, systems and productsFunctions under pressure to meet deadlines, proficient at multi-tasking and managing competing prioritiesAbility to escalate when neededCan independently analyze complex issues, identify and execute practical solutionsProactively shares information/ideas and consistently identifies best practicesAbility to work as part of a diverse team and display reliability, flexibility",,,,aarp_us,us,2021-09-01T00:00:00-04:00,OTHER,Insurance,Platform Operations
d9edd0e01b5138cd52bda8c62cf88508b,TMX Finance,Credit Modeler,"Carrollton, TX",https://jobs.aarp.org/job/credit-modeler-carrollton-tx-6ccb4f50f47c8676ef445da05aabf6d6b,"Requisition ID 2021-10293 Category: Credit Risk Location: US-TX-Carrollton Overview The TMX Finance(R) Family of Companies is looking for a Decision Engine Manager to join our team and support the customer approval process by ensuring the decision engine platform is meeting operational expectations. As a Decision Engine Analyst, you will partner with the Credit Risk Portfolio Management / Data Science team to gather requirements for changes to credit risk models and underwriting strategies, and then be responsible for coding and testing in the decision engine. This position is based in-office. The health and well-being of our Team Members, their families, and our customers remain a top priority for us. That's why we've taken a number of steps to help maintain a clean and safe environment where Team Members can thrive, and customers can feel safe. Currently, in our stores and Corporate offices, we're practicing social distancing, encouraging face coverings (unless otherwise required by law), and considering state, local requirements and Center for Disease Control (CDC) guidelines to help ensure a clean and safe environment for all. As the situation evolves, changes may be made to our practices, in line with state and local mandates as well as CDC-guidelines. Responsibilities Ability to maintain a full-time work schedule with regular in-person attendance. A full-time work schedule for this position includes, at a minimum, 40-hours per week. Manage and execute the technical development of credit risk / underwriting processes using system tools that require program scripting, system configurations, and strong technical testing methods. Capture the desired end state of each new decision process request from internal team partners or other business partners (Credit Risk, Operations, Legal, Compliance, and IT) to scope and size the request for prioritization. Partner with IT to define new data processes/needs, develop strategies on how to update current decision processes,",,,,aarp_us,us,2021-09-01T00:00:00-04:00,OTHER,Insurance,Platform Operations
a8a6061439171b14d8d1b9b09d532500b,TD Bank,Veterans Preferred - Financial Services Associate (30) Thornblade,"Greer, SC",https://jobs.aarp.org/job/veterans-preferred-financial-services-associate-30-thornblade-greer-sc-d9edd0e01b5138cd52bda8c62cf88508b,"Military Veterans are Encouraged to Apply. The Financial Services Associate provides Legendary Customer Service while offering financial advice and selling TD Bank products and services to new and existing Customers. Looks for every opportunity to deepen Customer relationships by asking probing questions and offering appropriate additional products and services. Responsible to have knowledge of and sell the wide variety of products and services, including loan and mortgage products. This role will contribute to the growth of the business by developing and deepening new and existing Customer relationships and will be responsible for meeting and exceeding specific, individual and team-based business goals. Responsible for the entire service process in the Store, which includes responsibility for over the counter transactions and more complex sales and service questions and requests. Conducts needs-based conversations and offers financial solutions to meet our Customers' needs Makes quality referrals to appropriate partners Responsible for meeting individual performance metrics Responsible for making sound decisions and timely problem resolution Proactively reaches out to Customers to deepen relationships through needs-based conversations Performs a broad range of tasks of varying complexity and scope Conducts loan interviews, accepts loan applications, and conducts loan closings Trains less experienced team members Participates in opening and closing Store procedures Inclusiveness: At TD, we are committed to fostering an inclusive, accessible environment, where all employees and customers feel valued, respected and supported. We are dedicated to building a workforce that reflects the diversity of our customers and communities in which we live in and serve, and creating an environment where every employee has the opportunity to reach their potential. If you are a candidate with a disability and need an accommodation to complete the application process, email the TD Ban",,,,aarp_us,us,2021-09-01T00:00:00-04:00,OTHER,Insurance,Analytics / Business Operations
b1118e8af7c585ed15ff504f764e0d3cb,TD Bank,Veterans Preferred - Financial Service Associate - James Island,"Charleston, SC",https://jobs.aarp.org/job/veterans-preferred-financial-service-associate-james-island-charleston-sc-6cbda7f0757f5e531676deb91bff478bb,"Military Veterans are Encouraged to Apply. The Financial Services Associate provides Legendary Customer Service while offering financial advice and selling TD Bank products and services to new and existing Customers. Looks for every opportunity to deepen Customer relationships by asking probing questions and offering appropriate additional products and services. Responsible to have knowledge of and sell the wide variety of products and services, including loan and mortgage products. This role will contribute to the growth of the business by developing and deepening new and existing Customer relationships and will be responsible for meeting and exceeding specific, individual and team-based business goals. Responsible for the entire service process in the Store, which includes responsibility for over the counter transactions and more complex sales and service questions and requests. Conducts needs-based conversations and offers financial solutions to meet our Customers' needs Makes quality referrals to appropriate partners Responsible for meeting individual performance metrics Responsible for making sound decisions and timely problem resolution Proactively reaches out to Customers to deepen relationships through needs-based conversations Performs a broad range of tasks of varying complexity and scope Conducts loan interviews, accepts loan applications, and conducts loan closings Trains less experienced team members Participates in opening and closing Store procedures Inclusiveness: At TD, we are committed to fostering an inclusive, accessible environment, where all employees and customers feel valued, respected and supported. We are dedicated to building a workforce that reflects the diversity of our customers and communities in which we live in and serve, and creating an environment where every employee has the opportunity to reach their potential. If you are a candidate with a disability and need an accommodation to complete the application process, email the TD Ban",,,,aarp_us,us,2021-09-01T00:00:00-04:00,OTHER,Insurance,Analytics / Business Operations
541cf5bd1f384a308e0321287ecb20dbb,TD Bank,Veterans Preferred - 2022 Full Time Analyst - Financial Sponsors Group,"New York, NY",https://jobs.aarp.org/job/veterans-preferred-2022-full-time-analyst-financial-sponsors-group-new-york-ny-ff0c7153c5596cba90e224aee1d7a5a4b,"Military Veterans are Encouraged to Apply. TD Securities' Financial Sponsors Group (FSG) provides dedicated coverage to a broad range of North American and Global private equity, infrastructure, pension and sovereign wealth funds. We focus on developing and maintaining financial sponsor relationships through a continuous flow of proprietary ideas and financing solutions. FSG partners with various industry and product groups from across the firm to provide best-in-class, comprehensive advisory and execution solutions to our clients. These include: \tSell-side and buy-side M&A mandates \tDebt advisory and LBO financing mandates \tCommon, preferred and structured equity solutions \tFinancial restructuring and related transactions \tWork closely with senior team members to provide analytical & coverage support and aid with idea generation \tPrepare and contribute to the delivery of process marketing materials and transaction specific deliverables \tPrepare external client proposals and internal underwriting memos \tApply financial modelling and valuation tools to asses privatization / recapitalization opportunities \tResearch / analyze companies' financial situations, industry & market data and M&A opportunities \tAttend internal and client calls / meetings to help coordinate new mandate workflow Inclusiveness: At TD, we are committed to fostering an inclusive, accessible environment, where all employees and customers feel valued, respected and supported. We are dedicated to building a workforce that reflects the diversity of our customers and communities in which we live in and serve, and creating an environment where every employee has the opportunity to reach their potential. If you are a candidate with a disability and need an accommodation to complete the application process, email the TD Bank US Workplace Accommodations Program at ...@td.com . Include your full name, best way to reach you, and the accommodation needed to assist you with the application process. EO",,,,aarp_us,us,2021-09-01T00:00:00-04:00,OTHER,Insurance,Workflow / Support Operations
0e98fa92322d00d61f6836adc5ba00afb,PwC,Veterans Preferred - Actuarial Services Associate - Summer/Fall 2021,"Atlanta, GA",https://jobs.aarp.org/job/veterans-preferred-actuarial-services-associate-summer-fall-2021-atlanta-ga-48e3ddbce7c01f34e211dfa4c02a2b50b,"Military Veterans are Encouraged to Apply. Time Type: Full-time Travel Requirements: Up to 20% A career within Actuarial Services, will provide you with the opportunity to contribute general insurance advice and consulting services to clients such as insurers, banks, regulators, and third party administrators. You'll provide advice covering solvency, economic capital, risk management, mergers and acquisitions, company restructuring and risk control, financial modelling, underwriting, new legislation, and the efficiency of claims or reporting processes. Simply put, you might help analyse the impact that new regulation will have on an insurance company's balance sheet or you could be revising businesses' projections and making sure they have adequate reserves. To really stand out and make us fit for the future in a constantly changing world, each and every one of us at PwC needs to be a purpose-led and values-driven leader at every level. To help us achieve this we have the PwC Professional; our global leadership development framework. It gives us a single set of expectations across our lines, geographies and career paths, and provides transparency on the skills we need as individuals to be successful and progress in our careers, now and in the future. As an Associate, you'll work as part of a team of problem solvers, helping to solve complex business issues from strategy to execution. PwC Professional skills and responsibilities for this management level include but are not limited to: Invite and give in the moment feedback in a constructive manner. Share and collaborate effectively with others. Identify and make suggestions for improvements when problems and/or opportunities arise. Handle, manipulate and analyse data and information responsibly. Follow risk management and compliance procedures. Keep up-to-date with developments in area of specialism. Communicate confidently in a clear, concise and articulate manner - verbally and in the materials I produce. Build an",,,,aarp_us,us,2021-09-01T00:00:00-04:00,OTHER,Insurance,Platform Operations
d6089b1d84581adee14b62742040b1e4b,PwC,Veterans Preferred - Health Insurance Actuary Senior Manager,"Chicago, IL",https://jobs.aarp.org/job/veterans-preferred-health-insurance-actuary-senior-manager-chicago-il-5f475380fdc08ea4b8006457f593d5feb,"Military Veterans are Encouraged to Apply. Specialty/Competency: Benefits Industry/Sector: Not Applicable Time Type: Full time Government Clearance Required: No Available for Work Sponsorship: Yes Travel Requirements: Not Specified A career in our Benefits practice, within People and Organisation Consulting services, will provide you with the opportunity to help our clients reset their talent strategies and deliver extraordinary business results through their people. We focus on evaluating and managing their unique challenges so our clients can maximise their return on the overall investment in human capital. You'll gain a tremendous depth of expertise in all aspects of human capital, including creating sustainable value through people culture and change, designing compensation and retirement strategies, and improving human capital operations. Our team helps our clients evaluate, redesign, implement and manage their health and welfare and retirement benefits programmes. You'll help our clients with active and retiree plan performance management, vendor selection, provider strategy, financial reporting and cost driver analysis, private exchange and drug benefit evaluation. To really stand out and make us fit for the future in a constantly changing world, each and every one of us at PwC needs to be a purpose-led and values-driven leader at every level. To help us achieve this we have the PwC Professional; our global leadership development framework. It gives us a single set of expectations across our lines, geographies and career paths, and provides transparency on the skills we need as individuals to be successful and progress in our careers, now and in the future. As a Senior Manager, you'll work as part of a team of problem solvers, helping to solve complex business issues from strategy to execution. PwC Professional skills and responsibilities for this management level include but are not limited to: Encourage everyone to have a voice and invite opinion from all, ",,,,aarp_us,us,2021-09-01T00:00:00-04:00,OTHER,Insurance,Analytics / Business Operations
bd40a63f75b6df8126692f102d606440b,ServiceNow,"Veterans Preferred - Director, Head of Financial Services Industry Go To Market,AMS Commercial and LATAM","New York, NY",https://jobs.aarp.org/job/veterans-preferred-director-head-of-financial-services-industry-go-to-market-ams-commercial-and-latam-new-york-ny-1b35fcd02e336bfc7f42da00d8ae8986b,"Military Veterans are Encouraged to Apply. Company Description ServiceNow is making the world of work, work better for people. Our cloud-based platform and solutions deliver digital workflows that create great experiences and unlock productivity for employees and the enterprise. We're growing fast, innovating faster, and making an impact on our customers' and employees' lives in significant and important ways. With over 6,900 customers, we serve approximately 80% of the Fortune 500, and we're on the 2020 list of FORTUNE World's Most Admired Companies. We're looking for people who are ready to roll up their sleeves and help us build on our incredible momentum, our diverse, engaged workforce, and our purpose to make the world of work, work better. Learn more on Life at Now blog and hear from our employees about their experiences working at ServiceNow. Job Description Director, Head of Financial Services Industry Go To Market,AMS Commercial and LATAM Location:US ServiceNow is changing the way people work. With a service-orientation toward the activities, tasks and processes that make up day-to-day work life, we help connect the modern enterprise to operate faster and be more scalable than ever before. To propel our next phase of growth, ServiceNow is investing in our Financial Services Vertical Industry Solutions and Go-To-Market organization. We're building a team of entrepreneurial and collaborative individuals who are passionate about the opportunity to transform these industries leveraging ServiceNow's powerful digital workflow platform. Join a team that will fundamentally re-shape the Financial Services industry, partnering with leading Financial Services companies and the most disruptive Financial Services partners in the world. We are highly adaptable and constantly evolving. We are passionate about our product, and we live for our customers. We have high expectations, and a career at ServiceNow means challenging yourself to always be better. The Position We are",,,,aarp_us,us,2021-09-01T00:00:00-04:00,OTHER,Insurance,Workflow / Support Operations
f11b2c6343f1c3e171a96dec914187b7b,Northwestern Mutual,Veterans Preferred - Underwriting Expense Management Consultant,"Franklin, WI",https://jobs.aarp.org/job/veterans-preferred-underwriting-expense-management-consultant-franklin-wi-d6089b1d84581adee14b62742040b1e4b,"Military Veterans are Encouraged to Apply. At Northwestern Mutual, we are strong, innovative and growing. We invest in our people. We care and make a positive difference. Responsible for all aspects of budget management for $35 million Life, Disability Income, and Long-Term Care underwriting requirements budgets. Independently develops annual budget request utilizing all relevant information, including but not limited to historical spending patterns, corporate sales forecast, and anticipated underwriting requirements changes. Prepares monthly variance reporting and expense forecast involving complex analysis of data to proactively identify and communicate risk of budget overage. Responsible for the development, maintenance, and oversight of vendor fee payment procedures, including identification of internal control considerations. Independently establishes invoice audit protocol and performs, assists, or oversees invoice audits and payments for vendor arrangements, assessing invoice deductions to vendors as appropriate. Resolves pricing, invoice, or payment discrepancies. Trains or mentors staff whose work intersects, communicating clear expectations, deadlines, and processes. Creates, monitors, and amends all purchase orders. Assists in the onboarding of new vendors to ensure accurate invoicing and payment per contractual terms. Responsible for underwriting requirements vendor contracts, renewals, and requests for proposals (RFPs), in conjunction with Sourcing and Procurement. Performs complex pricing analysis in evaluation of vendor pricing scenarios to manage expenses. Assists in the contract drafting process, recommending contract language provisions and/or changes as appropriate. Completes semi-annual vendor report cards to communicate trends in vendor performance. Assists Sourcing and Procurement with annual vendor financial analysis to monitor vendor stability. Provides underwriting requirements cost information involving complex data analysis to various depa",,,,aarp_us,us,2021-09-01T00:00:00-04:00,OTHER,Insurance,Analytics / Business Operations
70f06bfc35b51234197eb145947d0528b,MetroPlus Health Plan,Director of Risk Adjustment,"New York, NY",https://jobs.aarp.org/job/director-of-risk-adjustment-new-york-ny-f3f07af70b0b913db55dcae89b23846eb,"About NYC Health + Hospitals MetroPlus Health Plan provides the highest quality healthcare services to residents of Bronx, Brooklyn, Manhattan, Queens and Staten Island through a comprehensive list of products, including, but not limited to, New York State Medicaid Managed Care, Medicare, Child Health Plus, Exchange, Partnership in Care, MetroPlus Gold, Essential Plan, etc. As a wholly-owned subsidiary of NYC Health + Hospitals, the largest public health system in the United States, MetroPlus network includes over 27,000 primary care providers, specialists and participating clinics. For more than 30 years, MetroPlus has been committed to building strong relationships with its members and providers to enable New Yorkers to live their healthiest life. Position Overview This is a new and evolving position within the plan where we are seeking to maximize our efficiency as it pertains to risk. Responsible for the implementation, oversight and ongoing execution of risk related activities as it pertains to both Federal and State risk models across various products offered by the plan. This position will manage risk processes and will work alongside a range of business units to ensure that the plan s populations are accurately represented via the applicable risk program and work towards addressing any obstacles. Responsible for collaborating with our network for education and support of appropriate coding down to the individual practice level. Plans, actions and progress to be reported at various levels including executive staff. Job Description Individual will own the spectrum of risk activities such as managing workplans and activities across the plan. Oversee day-to-day operational needs pertaining to encounter submission and risk adjustment activities (file transfers, error reporting, issue resolution). Devise and implement strategies related to risk as it pertains to the methodologies in practice by NY State (CRG), Medicare (HCC) and ACA (HCC) products. Incorporate bes",,,,aarp_us,us,2021-09-01T00:00:00-04:00,OTHER,Insurance,Analytics / Business Operations
fa20a4bd8340e254211bbf25bfe7c6fdb,MetroPlus Health Plan,Director of Medicare,"New York, NY",https://jobs.aarp.org/job/director-of-medicare-new-york-ny-e56e1943d77ac741892f7e5bae6df7bcb,"About NYC Health + Hospitals MetroPlus Health provides the highest quality healthcare services to residents of Bronx, Brooklyn, Manhattan, Queens and Staten Island through a comprehensive list of products, including, but not limited to, New York State Medicaid Managed Care, Medicare, Child Health Plus, Exchange, Partnership in Care, MetroPlus Gold, Essential Plan, etc. As a wholly-owned subsidiary of NYC Health + Hospitals, the largest public health system in the United States, MetroPlus network includes over 27,000 primary care providers, specialists and participating clinics. For more than 30 years, MetroPlus has been committed to building strong relationships with its members and providers to enable New Yorkers to live their healthiest life. Position Overview Reporting to the Head of Product, the Director of Medicare ensures operational excellence and regulatory compliance of all Medicare products, owning the full spectrum of product strategy and operations. The Director will support key analytical activities to support the Plan s strategic position, and will be proactive in identifying opportunities for performance improvement. Job Description Provide oversight of Plan and vendor operations as they relate to the Medicare line of business aligning outcomes to strategic goals & regulatory requirements. Develop & manage operational reports to track operational effectiveness. Partner with operational departments including Claims, Customer Service, Finance, Enrollment, Vendor Management, & Medical Management to design processes ensuring effective & efficient operations. Support key stakeholders in driving initiatives to meet quality & customer satisfaction goals. Maintain customer focus throughout Plan operations to ensure a seamless & excellent customer experience. Provide deep knowledge of & insight into the regulatory & market environment of Medicare in New York to support the development of product strategy. Identify & integrate operational best practices, partne",,,,aarp_us,us,2021-09-01T00:00:00-04:00,OTHER,Insurance,Platform Operations
a87767dceef0d748ae8ca25d1e5b0a75b,Noblis,Senior Fraud Analyst,"Reston, VA",https://jobs.aarp.org/job/senior-fraud-analyst-reston-va-20a23d34ed1150dd7b2529058510076eb,"Responsibilities: The Cyber Fraud Analysis Team analyzes digital identity verification and is responsible for trend analysis, event analysis, fraud threat characterization, response and escalation, and monitoring posture development. Team members will include data scientist, developers, as well as tier 1 analyst and senior fraud analyst to identify and analyze suspicious online transactions that could potentially represent Identify Theft (IDT) and fraud. This team will also conduct escalation and event response activities for suspected or identified fraud events. Team members will work collaboratively with the Noblis Lead Data Analytics Architects and data scientists and Noblis fraud SMEs to communicate fraud trends for further development and to enable fraud detection through analytics capability and visualization, in support of Federal Agencies. The Senior Cyber Fraud Analyst will assist the customer in strengthening their security posture against fraudulent transactions, through detailed and accurate forensic log event reconstruction analysis and reporting. Analysts will work closely with government personnel and other Noblis professionals in a team environment. Respnsibilities: Work with senior Noblis teammates in developing a fraud detection strategy and operation Asses current fraud detection capabilities and identify fraud threat vectors and schemes associated with the ID proofing and authentication workflows of Digital Identities Identify potential indicators for activity monitoring, and work with data scientist and developers for initial prototyping Develop Standard Operating Procedures (SOPs) for fraud detection and escalation Triage and interpret application and network data/event logs Detect fraud cases and new fraud trends through explorative analytic methodologies Identify key characteristics of known fraud trends for report development Work directly and collaboratively with developers report creation and statistical analysis Recommend improvements for",,,,aarp_us,us,2021-09-01T00:00:00-04:00,OTHER,Insurance,Platform Operations
b1a3413c88a92665769d53fdf13db2fbb,One80 Intermediaries,Claims Adjuster,"Columbus, OH",https://jobs.aarp.org/job/claims-adjuster-columbus-oh-16a33eb6d71d3e68b9d25220369d4e4eb,"One80 Intermediaries is a privately held, national firm with offices across the country. As a leading U.S. insurance wholesaler and program manager, the company offers placement services and binding authority for property & casualty, financial lines, personal lines, and medical stop loss risks. Having pioneered the technology insurance industry in 1982, Safeware, a subsidiary of One80, is now one of the most recognized names in product protection. Safeware's innovative approach to insurance and extended warranty solutions has propelled the company into multiple industries including education, corporate technology, fitness, furniture and appliances. Facilitating a service event for the customer and accurately processing the claim in a courteous, sincere and timely manner. Forwarding the appropriate forms and helping the customer with completing and returning the necessary documentation to resolve the loss. Primary Responsibilities and Duties: * Provide inbound customer support by answering incoming calls promptly and courteously * Assure quick, accurate and timely processing of customer requests and claims * Follow up and constantly review claims to ensure accuracy of records for a timely and quick settlement * Verify contract information, accurately enter new claims into system based on client specific terms and conditions and confirm coverage in accordance with policies and procedures * Review all documentation supporting the claim, proof of ownership, and parts and replacement costs * Issue coverage denials where appropriate or schedule a servicer as needed to handle the damages to the customers property * Approve or deny estimates from servicers up to $750.00 * Maintain email box in an efficient and timely manner, responding to customers and vendors as appropriate * Follow up on pending files and on-going claims Requirements * High School Diploma or equivalent * Knowledge of insurance and warranty policies, underwriting and claim * procedures (Preferred) * Adjust",,,,aarp_us,us,2021-09-01T00:00:00-04:00,OTHER,Insurance,Product Operations / Program
c343613ed91b5d0d46a52d6cd40846e6b,East West Bank,Senior Credit Analyst - Clean Tech Group,"Santa Clara, CA",https://jobs.aarp.org/job/senior-credit-analyst-clean-tech-group-santa-clara-ca-d06400833ef4eef3dc0f369a04d1ea7bb,"Introduction: For more than 45 years, East West Bank has served as a pathway to success. With over 120 locations across the U.S. and Greater China, we are the premier financial bridge between the East and West. Our teams of experienced, multi-cultural professionals help guide businesses and community members on both sides of the Pacific looking to explore new markets and create new opportunities, and our sustained growth and expertise in industries like real estate, entertainment and media, private equity and venture capital, and high-tech help build sustainable businesses and expand our associates potential for career advancement. Headquartered in California, East West Bank (Nasdaq: EWBC) is a top performing commercial bank with an exclusive focus on the U.S. and Greater China markets. With total assets over $52.2 billion, we re ranked among the top 25 largest banks by asset size in the United States. And since 2010, we have been recognized by Forbes magazine as one of America s Best Banks. With a strong foundation, and enterprising spirit and a commitment to absolute integrity, East West Bank gives people the confidence to reach further. Overview: The Sr. Credit Analyst will work with the team s Relationship Managers and Portfolio Managers in the clean tech group to perform due diligence, underwrite new credit facilities and to monitor and maintain the loan portfolio. Primary responsibilities include analyzing financial data to determine the merits of loan requests, monitoring loan covenants, and processing advances and paydowns. Responsibilities: Work with Portfolio Manager and RM to prepare credit memorandums for senior management, with comprehensive analysis, for prospective and existing clients. Assist with portfolio management, including reporting monitoring and updating internal reports and compliance programs. Support senior officers in all aspects of underwriting and closing deals and managing existing relationships. Respond to client requests from client ",,,,aarp_us,us,2021-09-01T00:00:00-04:00,OTHER,Insurance,Platform Operations
3d64957474af0d3cb096c9ef987335cfb,Centura Health,Research Contract and Finance Specialist,"Englewood, CO",https://jobs.aarp.org/job/research-contract-and-finance-specialist-englewood-co-9076fc5a1c4157949da06274de3ed68bb,"Welcome to Centura Health: Welcome to the largest health ecosystem in Colorado and western Kansas. Welcome to living your mission among thousands of people on fire to live theirs too. Welcome to options, possibilities and values that guide exceptional care. Welcome to extremely important industry challenges and opportunities to solve complex problems. Welcome to highly intelligent teams, overflowing community and the wholeness of mind, body and spirit that is Centura Health. Pay Range: $38.23 - $52.48/hr Flourishing Begins Here: You have a purpose, unique talents and NOW is the time to embrace it, live it and put it to work. At Centura Health, we value incredible people with incredible skills but your commitment to a greater cause is something we value even more. Job Summary e Research Operations Specialist reports to the VP Research Operations & Residency, and is responsible for the development of the financial and contractual management of all funded research projects. This position will also work as a project manager with oversight for all financial, contracts and study start up in ensuring that all needed documentation, stakeholders and information are complete and updated in order to keep research projects moving forward. This role will work closely with the Centura Legal team as a subject matter expert in clinical trial agreements. Prepares a pre-review and edit of all research contracts and facilitates the communication between Centura, research investigators, and the research funder. Ensures that study budgets are developed in compliance with the Medicare Coverage Analysis guidelines. Works with the VP to develop and monitor the department operating budget and provides significant input in the fiscal oversight of the department. What You Bring/Job Requirements: In addition to bringing your whole self to the workplace each day, qualified candidates will need the following: Minimum Experience Requirements 2-4 years experience in budget development, extensive p",,,,aarp_us,us,2021-09-01T00:00:00-04:00,OTHER,Insurance,Platform Operations
79abc52d6ce040af926bc58c5aff91fbb,Omni Hotels &amp; Resorts,Finance | Leader-In-Development (LID),"Austin, TX",https://jobs.aarp.org/job/finance-leader-in-development-lid-austin-tx-61282f0be785ad42300d7d1d9a7d3227b,"Overview: Barton Creek Resort & Spa Barton Creek Resort & Spa's success is due to its dedicated, intelligent and self-motivated family of associates who work together to maintain the company's trademark high standards. If you would like to be a part of an environment where teamwork is emphasized and individual excellence is encouraged then this is the place for you. Omni Barton Creek Resort and Spa s associates enjoy a dynamic and exciting work environment, comprehensive training and mentoring, along with the pride that comes from working for a company with a reputation for exceptional service. We embody a culture of respect, gratitude and empowerment day in and day out. If you are a friendly, motivated person, with a passion to serve others, the Omni Barton Creek may be your perfect match. Job Description: $250 SIGN ON BONUS! Omni Hotels & Resorts is seeking a Finance Leader-in-Development for the beautiful new Barton Creek Resort & Spa! If you love hospitality, creating amazing customer experiences, and the structure and benefits that come from working with a hotel company then you will love working with Omni! We are proud to announce that we are the highest rated hotel company on Glassdoor's 2019 Best Places to Work list! The Leader-in-Development (LID) program is a 12-month program designed to develop graduates into successful managers in the division they wish to pursue. The Finance LID will spend 40 hours each week as an accounting generalist and 10 hours completing contracts throughout the training property. Upon completion of the LID program, the Finance LID will move into an Accounting managerial role at another Omni property. Contracts are projects that will allow LIDs to learn about general hotel operations, as well as the details and functions of their division. Each contract will provide resources and evaluation criteria. Responsibilities: Functions of the Finance LID will be to complete all contracts within 12 months: Will be responsible for meeting wi",,,,aarp_us,us,2021-09-01T00:00:00-04:00,OTHER,Insurance,Workflow / Support Operations
773069d5726dabc6ea18cf1b8b3aff4fb,TalentBurst,"Sr Analyst, Finance","Irvine, CA",https://jobs.aarp.org/job/sr-analyst-finance-irvine-ca-5a9a4a1ebc577748ad5fdba2e71913f2b,"Title: Sr. Analyst, Financial Location: Irvine, CA Duration: 4+ months contract Candidates need to be local and need to be onsite 5 days a week per the business needs. Provide advice, guidance, analysis, and reporting of financial information. Key Responsibilities: * Analyze and interpret monthly financial results for G&A and Marketing functional areas to identify financial issues for business leaders; provide insights and make recommendations regarding possible course corrections * Analyze weekly and monthly spending trends in partnership with business leaders to develop/update monthly forecasts and budgets and provide feedback * Draw insights from financial and trend reports, synthesize information, and create presentations for management * Collaborate with business partners in the development of the annual operating plan * Assess system capabilities and process efficiencies, and make recommendations for improvement * Ability to monthly closure, support ad-hoc projects * Ability to work and collaborate across cross functional team Top skills: * Proven expertise in MS Office Suite, including advanced Excel (forecasting budget) and related financial systems, including Hyperion; ERP (e.g., JDE) experience preferred * Analyze forecast and budget expenses focusing on the admin & marketing expenses (Mainly operating expenses) * Significant understanding of Generally Accepted Accounting Principles (GAAP) and Sarbanes-Oxley (SOX) * Excellent written and verbal communication skills and interpersonal relationship skills including consultative and relationship management skills * Excellent problem-solving, critical thinking, and investigative skills Additional Skills: * Experience working in a medical device company preferred * Significant knowledge of financial concepts and principles * Ability to manage confidential information with discretion * Strict attention to detail resulting in high quality, accurate analyses * Ability to interact professionally with all organizatio",,,,aarp_us,us,2021-09-01T00:00:00-04:00,OTHER,Insurance,Analytics / Business Operations
a90fef025febf8c8ea338adf3a7f81d6b,Shenandoah Oncology,Patient Account Specialist,"Winchester, VA",https://jobs.aarp.org/job/patient-account-specialist-winchester-va-741b6a532036a437a3b850a8f4d705acb,"Overview: Shenandoah Oncology is looking for a detail-oriented individual with a compassionate and professional attitude to join our Revenue Cycle team! Our Patient Account Specialist is responsible for account follow-up for all assigned accounts, resolving billing problems, and answering patient inquiries. This role also sets up financial arrangements as needed and uses collection techniques to keep accounts receivable current including monitoring for delinquent payments. Responsibilities: Essential duties and responsibilities include (but not limited to): Performs audits of patient accounts to ensure accuracy and timely payment. Reviews account agings on a monthly basis and reports inconsistencies and corrects errors as appropriate. Contacts patients regarding delinquent accounts and arranges mutually acceptable payment schedules. Follows up on insurance billing to ensure timely receipt of payments. Demonstrates the ability to deal with patients and insurance companies regarding sensitive financial matters and recapture unpaid balances. Receives and resolves patient billing complaints and questions; initiates adjustments as necessary; follows up on all zero payment explanations of benefits and exercises all options to obtain claim payments. Reviews credit balance reports for correct recipient of refund. Performs reconciliation of refund accounts; attaches documentation and forwards to supervisor to process refund checks. Identifies problems on accounts and follows through to conclusion. Responds to insurance companies requests for information in a prompt and professional manner. Reviews appropriate files to identify deceased patients and estates; verifies dollar amounts and files estate to appropriate court in a timely manner. Makes appropriate financial arrangements for payment of patient accounts; follows up to determine if payment arrangements are being met; contacts patients to resolve problems; responds to correspondence or telephone calls from patients about",,,,aarp_us,us,2021-09-01T00:00:00-04:00,OTHER,Insurance,Platform Operations
446ed7786e050d0c6fd72c8d1b26ef43b,Virginia Cancer Specialists,Insurance Verification Specialist,"Fairfax, VA",https://jobs.aarp.org/job/insurance-verification-specialist-fairfax-va-724e78d1fd94c7249157135d572a08dfb,"Overview: Are you looking for a career and not just a job in the Medical field? Virginia Cancer Specialists, an affiliate of McKesson Specialty Health and US Oncology, a leader in Cancer care, is seeking a Temporary Insurance Verification Speciallist for our Fairfax Administrative office. SCOPE: Under minimal supervision, calls insurance companies to verify benefits. Complete verification forms, review patients current information and message account. Scans completed information back to offices, creates a financial file. Obtains and maintains accurate patient demographics. Supports and adheres to the US Oncology Compliance Program, to include the Code of Ethics and Business Standards. Responsibilities: ESSENTIAL DUTIES AND RESPONSIBILITIES: -Calls insurance companies to verify benefits of the patient. Completes insurance verification and summary of reimbursement and liability forms. -Reviews demographic and insurance information in patient accounts and make necessary corrections as needed. -Notes in each account a brief summary of information received from the insurance company. -Scans assignment of benefits, verification of benefit information and financial liability and forwards completed information back to the appropriate office. Prepares financial folders of enrollment cards, financial liability forms and demographics and files the information appropriately. -Enters information into Excel spreadsheet to track accounts received, completed and returned. -Ensures all insurance, demographic, and eligibility information is obtained and entered into the system in an accurate manner. -Assists in maintaining manuals, logs and other required documentation as required. -Demonstrates an understanding for patient confidentiality to protect the patient and the clinic/corporation. -Follows policies and procedures to contribute to the efficiency of the business office. Covers for and assists with other business office functions as requested. Qualifications: MINIMUM QUALIFICAT",,,,aarp_us,us,2021-09-01T00:00:00-04:00,OTHER,Insurance,Platform Operations
a16df7e4d4a3047020b0f038a75670acb,Coin Cloud,Financial Systems Manager,"Las Vegas, NV",https://jobs.aarp.org/job/financial-systems-manager-las-vegas-nv-d7a8c85b1d110af2e6fc9e21f581370ab,"Coin Cloud, the worlds largest full-service DCM (Digital Currency Machine) operator, is seeking a Financial Systems Manager who is a NetSuite subject matter expert. The Financial Systems Manager will be responsible for the administration of the companys NetSuite ERP platform.This role will directly report to the Controller, with a dotted line to the Vice President of Information Systems. RESPONSIBILITIES * Daily administration, troubleshooting and support of Netsuite ERP for the global finance user community * Daily management and oversight of NetSuites user and role security settings * Responsible for development of custom workflows, forms, fields, and records * Work with internal or external development teams to integrate external systems via NetSuite APIs * Setting up recurring reports and distributions * Building ad hoc reports supporting various business units * Assist the accounting department with its monthly and annual close process * Assist the finance department with its budgeting and budget upload process * Work with business users to gather requirements for new and existing workflows, design, develop and test these workflows through production rollout * Actively identify gaps between current and desired end-states, and deliver solutions that create efficiencies and add value * Ensure procedures, processes and proper change controls are adhered to on all production changes and implementations * Manage and review user access/roles * Other duties as assigned Requirements * Bachelor's degree in Management Information Systems, IT, Systems or Business * General knowledge of NetSuites ERP and CRM modules * NetSuite script writing * Creating workflows from scratch * Setting up APIs with NetSuite and other systems * Adding subsidiaries in NetSuites OneWorld with appropriate foreign currency modules * Developing NetSuite Inventory modules * Integrating expense tracking add-ons with NetSuite * Developing and overseeing executive dashboards Preferred Skills * SOX IT",,,,aarp_us,us,2021-09-01T00:00:00-04:00,OTHER,Insurance,Workflow / Support Operations
87ddb49d47abf7c71c8b5e7845bd1f14b,AutoNation,Finance and Insurance Manager,"North Richland Hills, TX",https://jobs.aarp.org/job/finance-and-insurance-manager-north-richland-hills-tx-dd96bda895154f085771106a2bf562b5b,"Overview: At AutoNation, doing what s right by the customer comes standard at 300 locations coast to coast, so it s no wonder we have served over 10 million happy customers. As an F&I Manager, you ll be empowered with the resources and support needed to get every driver into the perfect deal including a fully transparent selling process and preferred relationships with 30+ lenders. We represent 36 brands in 16 states, so there s always opportunity to grow your career as an F&I Manager and beyond. Join AutoNation and accelerate as far and fast as your talent and our support can take you. Position Overview Working in our no-haggle sales environment, the F&I Manager makes credit decisions, submits deals to our lenders for approval and helps bridge disconnects in the sales process. With your background in automotive sales or finance, you ll find the right finance and insurance products for every customer, no matter what their situation. What will I do every day? Welcome customers to the store and transition them from Sales to Finance during their vehicle purchase process Work directly with our employees and customers to develop relationships Determine customer financing needs and payment options based on a consultative interview process Present a fully transparent pricing menu to customers detailing their financing options and products Process finance transactions and ensure 100% compliance with all state and federal laws and regulations Follow up with customers to ensure satisfaction Build rapport with customers to create a base of referrals Set and achieve targeted sales goals Gain superior product knowledge to effectively help customers Ensure that all administrative processes are handled in a timely fashion and in compliance with company policy Provide an exceptional customer experience to drive loyalty What are the requirements for the F&I Manager? High school diploma or equivalent Proven ability to provide an exceptional customer experience Ability to set and achi",,,,aarp_us,us,2021-09-01T00:00:00-04:00,OTHER,Insurance,Platform Operations
bf8fb2f14e8d39e80ae751c67f36b9dfb,American Credit Acceptance,Fraud Operations Specialist - Investigation,"Spartanburg, SC",https://jobs.aarp.org/job/fraud-operations-specialist-investigation-spartanburg-sc-13f6736e39c6676afcd7eefe8e5ca25ab,"Overview: The Fraud Operations Specialist will be responsible for basic analysis and review duties, including evaluating accounts for fraudulent activity, documenting activity, and preparing written reports for internal and external decision-making. In addition, the candidate will analyze data, review external and internal complaints related to potential fraud, work closely with Underwriting and Funding to identify potential fraudulent submissions, prepare outgoing communications, create and maintain electronic and paper files, and work with members of the Fraud Department to develop and publish investigative findings. The Fraud Operations Specialist will interact with the Legal, Risk, Audit and Compliance teams and must be able to clearly articulate operational and fraud related issues to coworkers and immediate supervisory staff. Essential Functions Responsibilities include, but are not limited to: Leverage appropriate resources to support the identification and initiation of fraud investigations, and ensure relevant information is appropriately collected, analyzed, and disseminated. Prepare written reports that clearly communicate investigative findings and recommendations for use by internal clients, as well as for external investigative, law enforcement, business-line, and regulatory entities. Manage time to meet established deadlines, milestones, and time budgets. Responsible for research and analysis of account activity to assess levels of risk and fraud type. Review unusual behavior within accounts to detect suspicious activity and take necessary actions to mitigate/prevent loss. Assist in building cases to substantiate allegations of fraudulent activity by obtaining witness statements and evidence from individuals involved in transactions resulting in a potential loss. Assist in evaluating business processes for associated risks to ensure proper controls are in place, and prepare written findings/recommendations when deficiencies are identified. Assist with",,,,aarp_us,us,2021-09-01T00:00:00-04:00,OTHER,Insurance,Platform Operations
90bd61e69ed4ebdaf231a3aee734cf74b,Alliant Credit Union,Lending Quality Assurance Analyst,"Chicago, IL",https://jobs.aarp.org/job/lending-quality-assurance-analyst-chicago-il-25a284669a70ee76f4b8d673e965cb14b,"Start a Rewarding Career with Alliant: What will your day look like? You will support all Lending Lines of Business (Residential, Commercial, and Consumer) with thorough inspection and validation of loan assets generated by origination, underwriting, and processing functions internally and externally. The Lending Quality Assurance Analyst establishes loan origination and underwriting work-product review procedures and sampling regimes sufficient to ensure compliance with Alliant and investor established guidelines and requirements. The incumbent will work closely with line of business subject matter experts on documentation improvements; tests and validates processes, procedures, and systems changes prior to full implementation. The Analyst will monitor and measure the daily work-product of vendors and business partners as necessary to ensure adherence to standards and services level requirements. General direction is received from the Supervisor, Lending Quality Assurance. Responsibilities: Do you see yourself doing this? Loan Quality Review Develop a routinized process and checklist for loan level QA review Conduct loan level file quality reviews to ensure compliance with regulatory and other investor loan quality requirements. Determine both pre-funding and post-funding sampling methodology for the quality reviews Identify and document quality shortfalls and deficiency patterns that may impact overall loan salability. Record, measure and report findings to Lending Management. Identify checkpoints and opportunities for improvement of current processes that will increase loan quality and advance efficiency and consistency. Make recommendations to Lending Management. Process Quality Communicate and act as the liaison between third parties and Alliant. Conduct ongoing review of user documentation and training materials for accuracy and consistency; update as required. Maintain knowledge on loan underwriting and industry best practices; determine applicability for the",,,,aarp_us,us,2021-09-01T00:00:00-04:00,OTHER,Insurance,Platform Operations
88ea00653604f091ebf0821c1567a311b,Samuel U. Rodgers Health Center,Health Insurance Navigator,"Kansas City, MO",https://jobs.aarp.org/job/health-insurance-navigator-kansas-city-mo-151d822e6febb9c769dd3cb896757bf4b,"POSITION SUMMARY The Health Insurance Navigator under the supervision of the Health Insurance Services Program Manager is responsible for educating, assisting, and enrolling consumers within our service area and our patients in health insurance through Medicaid (MOHealthNet/CHIP) or the Health Insurance Marketplace. Candidates must complete a mandatory Centers for Medicare & Medicaid Services (CMS) Navigator training program and pass an online exam to ensure their understanding of the Marketplace; must pass a background check and receive a State of Missouri Navigator License and complete mandatory continuing education required by the State of Missouri; and any applicable federal and state training and licensing requirements related to assisting consumers in MOHealthNet/CHIP and the Marketplace. This position is funded through a CMS grant for a three-year period. Job Requirements: PRIMARY ACCOUNTABILITIES Achieve Results 1. Capacity to conduct outreach to uninsured consumers within our service area and our uninsured Health Center patients to educate, assist and enroll 1,300 people into MOHealthNet/CHIP or the Health Insurance Marketplace. 2. Creates partnerships with community organizations, schools, and businesses to expand our reach to uninsured consumers to access affordable health insurance or healthcare services within our service area of Jackson, Clay, Platte, Ray, and Cass Counties. 3. Ability to frequently travel locally and work independently at off-site locations throughout our service area to achieve goals. 4. Capacity to complete and submit weekly reports on a timely basis documenting your work activities, and results using the template provided by the MO Primary Care Association. 5. Capacity to help consumers increase their health literacy; understand their health insurance plan's benefits; and how to properly use their health insurance to access the healthcare system. POSITION REQUIREMENTS Education and/or Experience Must be a high school graduate, GED ",,,,aarp_us,us,2021-09-01T00:00:00-04:00,OTHER,Insurance,Product Operations / Program
033d74409946479cb8051cc5fa00b601b,San Antonio Behavioral Health,Benefits Specialist/Financial Counselor,"San Antonio, TX",https://jobs.aarp.org/job/benefits-specialist-financial-counselor-san-antonio-tx-775ae5ce82c04775d9c8a720a115c748b,"We are looking for a meticulous, helpful Benefits Specialist/Financial Counselor to assist patients with cost estimates, and to collaborate with external parties to ensure their financial coverage. The Benefits Specialist will explain financial information, determine prospective patients ability to pay, provide education on free health care and Medicaid, and assist with the application process. You will educate patients on their financial obligations to the facility, and follow up with patients and other parties to ensure accuracy and completeness of information. To ensure success you need to be knowledgeable regarding payment options and processes, and have the ability to explain these to patients. Ideal candidates are customer-focused and have the ability to multitask with interruptions in a fast-paced environment. Financial Counselor Responsibilities: * Attending and participating in meetings, training and presentations. * Completing financial applications. * Furnishing patients and health care providers with estimates. * Assisting patients with financial applications and arrangements. * Collecting estimated liabilities from patients. * Establishing health insurance benefits, conditions and requirements by making phone inquiries, and by using eligibility systems and the internet. * Verifying patients employment details and other particulars. * Reporting problems and concerns to supervisor. * Complying with relevant rules, regulations, policies and procedures. * Performing other duties as assigned. Requirements * High School Diploma, GED, or suitable equivalent. * 2+ years work experience in customer service or related field. * Proficient knowledge of medical terminology, billing practices and coding. * Proficient computer skills. * Proficient with MS Office Suites. * Excellent communication skills, both verbal and written. * Proficient mathematical skills. * Outstanding people skills. * Strong organizational skills",,,,aarp_us,us,2021-09-01T00:00:00-04:00,OTHER,Insurance,Analytics / Business Operations
c8ba06673ce6548e30528488c22a95dfb,Bank of America,"Relationship Manager Business Owner Specialist - Highlands Ranch Financial Center - Highlands Ranch, CO.","Denver, CO",https://jobs.aarp.org/job/relationship-manager-business-owner-specialist-highlands-ranch-financial-center-highlands-ranch-co-denver-co-74aa0603e6e724c339dbafc36af0ebb2b,"Job Description:At Bank of America, we handle the finances of over 67 million client relationships every day, including helping them save, borrow and invest for today and for their future. We stand by our clients each and every day giving them the power to realize their personal financial goals and help make their financial lives better. If you join our team, we'll count on you to care for, advise and guide our clients when they need us most - whether they're just starting out, buying a home, building a family, managing a small business or planning for retirement.We're looking for the next generation of Relationship Manager Business Owner Specialists (RMBOSs) - those with a passion for growing a long-term career, building relationships and working with a team of client professionals in one of over 4,000 locations nationwide. RMBOSs focus on deepening relationships with individual and small business customers/clients, and they accomplish this by identifying financial needs, offering appropriate solutions and connecting clients with specialists. The RMBOS is a primary point of contact within financial centers for small business clients and a resident expert for small business products, services and strategies. As part of the Bank of America team, RMBOSs have access to industry-leading solutions and a team of dedicated product specialists - all designed to meet the unique priorities of our small business clients, including managing cash flow, improving their business, managing employees, banking with convenience, or achieving their personal financial goals. They report to the Market Leader and partner closely with the Financial Center Managers to ensure adherence to operational compliance policies and procedures.From day one, you'll receive training from our award-winning Academy at Bank of America, including hands-on practice, personalized coaching and dedicated support throughout your on-boarding experience. With demonstrated success, you'll have the opportunity to a",,,,aarp_us,us,2021-09-01T00:00:00-04:00,OTHER,Insurance,Product Operations / Program
db1552534b4bfa53e60c87971bc9a7a6b,LexisNexis Risk Solutions Group,Air Finance Reporter Americas,"New York, NY",https://jobs.aarp.org/job/air-finance-reporter-americas-new-york-ny-097647c18361016cd5815baaf95fd23cb,"Explore the world. Cirium brings together powerful data and analytics to keep the world moving. We match an intrapreneurial approach with decades of experience in aviation and air travel. Enabling airlines, airports, travel companies, tech giants, aircraft manufacturers, financial institutions and many more to accelerate digital transformation. Be part of our mission and strategy to activate data fluency around the industry. With us, you will drive change, work with the industry's most talented people and advance your career opportunities. Cirium brings together powerful data and analytics to keep the world in motion. Delivering insight, built from decades of experience in the sector, enabling travel companies, aircraft manufacturers, airports, airlines and financial institutions, among others, to make logical and informed decisions which shape the future of travel, growing revenues and enhancing customer experiences. Cirium is part of RELX PLC, a global provider of information-based analytics and decision tools for professional and business customers. Find out more at cirium.com. Cirium's Dashboard service provides subscribers with analysis and insight that informs their decision making and alerts them to opportunities and threats across core sectors of commercial aviation. The editorial content is created by members of a nine-strong global team, variously located in London, New York, Washington DC, Singapore and Hong Kong. Working within a dynamic industry in the midst of unprecedented change, our journalists react to the latest market developments at pace to generate premium coverage that draws on Cirium's market-leading data resources. Job title: Air finance reporter Americas Cirium. Job summary: Cirium is seeking an experienced journalist to join our editorial team and help us deliver the air finance content that is a core element of our Dashboard subscription service. Aircraft leasing companies own an increasing proportion of the global airliner fleet, and we ",,,,aarp_us,us,2021-09-01T00:00:00-04:00,OTHER,Insurance,Workflow / Support Operations
075e7c7c6af1e6942798b2df5ff5e75db,USAA,"Sr. Property Adjuster(field)- Portland, OR","Vancouver, WA",https://jobs.aarp.org/job/sr-property-adjuster-field-portland-or-vancouver-wa-0a39fc265a38d1444077e3a3d588297ab,"Purpose of Job**Company Vehicle Provided****Looking for experienced Sr. Property Adjusters in Portland, OR area**Adjusters in this role will focus on utilizing technology and desk adjusting for a virtual first approach to inspections and claims handling and will also be responsible for physically inspecting losses within their locally assigned territory. Adjusters in this role may expect to travel outside of their local territory to respond to catastrophes in other regions when needed.Within defined guidelines and framework, investigates, evaluates, negotiates, and settles complex property insurance claims presented by or against our members. Confirms/analyzes coverage, recognizes liability exposure and negotiates equitable settlement in compliance with all state regulatory requirements. Recognizes and empathizes with members' life events, as appropriate.Job RequirementsAbout USAAUSAA knows what it means to serve. We facilitate the financial security of millions of U.S. military members and their families. This singular mission requires a dedication to innovative thinking at every level.USAA Careers World Class Benefits (31 seconds)Primary Responsibilities:Identifies and manages existing and emerging risks that stem from business activities and the job role.Ensures risks associated with business activities are effectively identified, measured, monitored, and controlled.Follows written risk and compliance policies and procedures for business activities.Manage assigned claims caseload comprised of claims with complex damages including specialty claims. Updates initial reserve levels.Partners with vendors and internal business partners to facilitate complex claims. May also involve external regulatory coordination to ensure appropriate documentation and compliance.Investigates claim damages by conducting research from various sources, including the insured, third parties, and external resources.Proactively identifies and engages in additional confirmation of potential ",,,,aarp_us,us,2021-09-01T00:00:00-04:00,OTHER,Insurance,Platform Operations
7ecb1da96fe088b6e4eaf357fd218497b,USAA,"Sr. Property Adjuster(field)- Colorado Springs, CO","Colorado Springs, CO",https://jobs.aarp.org/job/sr-property-adjuster-field-colorado-springs-co-colorado-springs-co-d126e56af5e3da40dc8144e804b55bfcb,"Purpose of Job**Company Vehicle Provided****Looking for experienced Sr. Property Adjusters in Colorado Springs, CO**Adjusters in this role will focus on utilizing technology and desk adjusting for a virtual first approach to inspections and claims handling and will also be responsible for physically inspecting losses within their locally assigned territory. Adjusters in this role may expect to travel outside of their local territory to respond to catastrophes in other regions when needed.Within defined guidelines and framework, investigates, evaluates, negotiates, and settles complex property insurance claims presented by or against our members. Confirms/analyzes coverage, recognizes liability exposure and negotiates equitable settlement in compliance with all state regulatory requirements. Recognizes and empathizes with members' life events, as appropriate.Job RequirementsAbout USAAUSAA knows what it means to serve. We facilitate the financial security of millions of U.S. military members and their families. This singular mission requires a dedication to innovative thinking at every level.USAA Careers World Class Benefits (31 seconds)Primary Responsibilities:Identifies and manages existing and emerging risks that stem from business activities and the job role.Ensures risks associated with business activities are effectively identified, measured, monitored, and controlled.Follows written risk and compliance policies and procedures for business activities.Manage assigned claims caseload comprised of claims with complex damages including specialty claims. Updates initial reserve levels.Partners with vendors and internal business partners to facilitate complex claims. May also involve external regulatory coordination to ensure appropriate documentation and compliance.Investigates claim damages by conducting research from various sources, including the insured, third parties, and external resources.Proactively identifies and engages in additional confirmation of potenti",,,,aarp_us,us,2021-09-01T00:00:00-04:00,OTHER,Insurance,Platform Operations
d136138e8f83cdc1c03dced174b72193b,USAA,Fraud Investigator II,"San Antonio, TX",https://jobs.aarp.org/job/fraud-investigator-ii-san-antonio-tx-2a7af3cec3a93e9bf7c3230370da179db,"Purpose of JobJob RequirementsUSAA is seeking a Fraud Investigator to perform internal or external fraud investigations and files regulatory reports according to legal requirements while ensuring adherence to all applicable deadlines. You will also support fraud operation activities to alleviate any potential negative impact to members and/or the organization.This role will be in San Antonio Home Office I or PHX Main HybridIdentifies and manages existing and emerging risks that stem from business activities and the job role.Ensures risks associated with business activities are effectively identified, measured, monitored, and controlled.Follows written risk and compliance policies and procedures for business activities.Conducts less complex fraud investigations of suspected or known criminal activity, which includes cases of less severity, cases with less member accounts and transactions, or limited to one fraud type. Reviews monetary and non-monetary fraud transactions, conducts interviews, and analyzes transaction data to detect fraudulent or unusual patterns and trends in support of the investigative process.Performs thorough analysis of evidence; assesses veracity of information compiled, to include documentary materials and results of interviews, to develop investigative conclusions.Utilizes knowledge of the Bank Secrecy Act, USA Patriot Act, applicable laws and regulations, company policies and best practices in the investigative field to organize investigative results,Prepares cases for criminal prosecution, obtains, and preserves evidence, and presents evidence to appropriate law enforcement agencies for prosecution.May provide testimony to the grand jury and trial courts and file regulatory reports as necessary.Identifies and partners with tenured Investigators to resolve issues; identifies appropriate issues for escalation such as fraudulent trends, vulnerabilities causing increased fraudulent activity and/or larger than normal losses.Serves as a liaison wi",,,,aarp_us,us,2021-09-01T00:00:00-04:00,OTHER,Insurance,Platform Operations
41619862765ae5d329658e3efb0f8fa4b,Santander Bank,Community Development Finance Relationship Account Manager,"New York, NY",https://jobs.aarp.org/job/community-development-finance-relationship-account-manager-new-york-ny-f5455c8f69f5053c76eb78d1e6997b19b,"Santander's Commercial Banking Division is an active provider of capital, treasury management and risk management solutions to thousands of small and mid-sized companies in the northeast and across the country. We also have expertise and provide service to specific industry sectors including real estate, asset based lending, energy, education, health care and government. Our clients rely on the strength of Santander's balance sheet and the degree to which our relationship managers understand their businesses in order to develop the most relevant and compelling solutions. In addition, Santander's significant international presence in regions around the world uniquely positions us to help companies grow theirbusiness, both near and far. Summary The Community Development Finance (CDF) Relationship Account Manager (RAM) provides support to the CDF Senior Director and works in partnership with CDF Originations, Underwriting and Portfolio Management teams as it relates to transactions associated with Community Reinvestment Act (CRA) qualifying investments and loans within the following asset classes: i) multifamily developments financed with Low Income Housing Tax Credits (LIHTC), ii) community development financial institutions (CDFIs), iii) real estate private equity funds, iv) Small Business Investment Corporations (SBIC), iv) New Markets Tax Credits (NMTC), and v) other qualifying assets for Santander Bank, N.A.'s CRA Program. The RAM's primary duties will revolve around the execution and coordination of the due diligence process and advancing the deal team to bringing the transactions to closing, onboarding and internal reporting. Duties include analyzing due diligence items, sponsor strength and financial projections; ensuring the transaction and associated documentation conform to Santander's credit risk management standards. Candidate is expected to have strong communication skills, highly organized, self-starter, issue resolution, and ability to build rapport acr",,,,aarp_us,us,2021-09-01T00:00:00-04:00,OTHER,Insurance,Analytics / Business Operations
70643bc8d8cddb36b7fd28f3a9dae837b,USAA,Claims Adjuster - Available in Colorado Springs,"Colorado Springs, CO",https://jobs.aarp.org/job/claims-adjuster-available-in-colorado-springs-colorado-springs-co-c45aa88e0bdea6ca95319076dbe490b8b,"Purpose of JobWithin defined guidelines and framework, responsible to adjust auto non-injury insurance claims presented by or against our members to include the end to end claims process and settling claims in compliance with state laws and regulations. Accountable for delivering a concierge level of best in class member service, in a contact center environment, through setting appropriate expectations, proactive communications, advice, and empathy.Job RequirementsAs an Entry-Level Adjuster (Property or Non-Injury Auto) for USAA, you will investigate, evaluate, negotiate and adjust low to moderately complex claims presented by or against our insureds to confirm coverage, determine legal liability and equitably settle/defend in compliance with all state regulatory requirements. You will work under direct supervision to perform routine work assignments and problem resolution. You will recognize life events, understand member's needs and provide advice to deliver appropriate solutions to the member. This position is in the contact center environment and does not require any travel or work outside the office.Click on link below to watch USAA Claims Careers Spotlight: Job RequirementsProvides claims service via internal channels (phone/fax/email/mail) to members and third-party customers.Adjusts low to moderately complex Auto or Property claims.Acquires and applies basic knowledge of Property & Casualty insurance industry products, services, and processes to include P&C insurance policy contracts and coverages and the USAA claim handling process and procedures.Seeks guidance from team members to resolve issues and identify appropriate issues for escalation.Partners with and/or directs vendors and internal business partners to facilitate claims resolution.Contributes to business goals, performance metrics, and effectively uses tools & technology.Supports workload surges and/or Catastrophe operations as needed to include working significant overtime during designated catas",,,,aarp_us,us,2021-09-01T00:00:00-04:00,OTHER,Insurance,Platform Operations
aa77bffa6ec5be9e341a79d2465bdd78b,Travelers,Underwriting Professional Development Program - Financial Institutions,"New York, NY",https://jobs.aarp.org/job/underwriting-professional-development-program-financial-institutions-new-york-ny-bcc01a6371e9316f29ca16d8aa393488b,"Works under direct supervision. As a participant in a structured training program which combines formal classroom and on-the-job-training, is actively learning about Bond and Specialty Insurance underwriting philosophy, products and strategies. In addition, Trainees begin to establish relationships and develop entry-level sales skills. As knowledge increases, Trainees are given more responsibility within a line of business and may be given small / renewal accounts to underwrite. Specific responsibilities include: Training / learning in the areas of underwriting, strategy, and sales. Learning to produce and underwrite new and renewal business in a Business Unit including building and maintaining productive relationships with assigned agents/brokers. Learning to interact and collaborate with a team of Business Unit colleagues. Travelers offers a hybrid work location model that is designed to support flexibility. ## **Primary Job Duties & Responsibilities** Underwriting & Pricing: - Learn the Bond and Specialty Insurance business and how to underwrite (Risk Assessment, Financial Analysis, and decision making skills) for Bond and Specialty Insurance and accounts in a Business Unit. - Assist in Underwriting and pricing accounts in accordance with business strategies. Formulate and communicate recommendations based on learned underwriting skill. - Gain an understanding of key Business Unit strategies and how to execute them. - Learn how to perform financial analysis consistent with Business Unit standards. Underwriting Operations: - Learn the workflow, guidelines and processing steps associated with the BU underwriting platform(s). Sales Management/Marketing: - Begin to develop relationships with clients to establish the foundation to interact and effectively deal with account issues. - Learn how to develop productive agency/client relationships in support of business objectives through a disciplined sales management approach and training (i.e., planning and follow-up for",,,,aarp_us,us,2021-09-01T00:00:00-04:00,OTHER,Insurance,Workflow / Support Operations
489b13b8b888295137380e847ba9262ab,CyberCoders,"REMOTE Mortgage Underwriter - FHA, OpenClose, VA","Nashville, TN",https://jobs.aarp.org/job/remote-mortgage-underwriter-fha-openclose-va-nashville-tn-3531c8d01c8ae24fa030f05fc19dd540b,"If you are a REMOTE Mortgage Underwriter with experience, please read on We are a small employee owned company looking to expand our VA Underwriting team. Over half our business is VA loans and over half our employees our veterans We plan on more than doubling in size by the end of the year and we would like you to join What You Will Be Doing Rework loans to new terms and identify additional conditions as needed to insure a viable credit decision Review and evaluate borrower(s) profile including but not limited to all income documentation, tax returns, credit reports, preliminary report, judgments, bankruptcy documents and appraisals Analyze and calculate income documentation such as personal and business income statements and ensure all necessary documentation is requested to support final loan decisions Maintain a sound knowledge of secondary market activity, practices, and business/industry practices as they impact underwriting quality and origination activity Maintain pre-established service level standard of decisions within a time frame set by the company Assist in the preparation of repurchase responses and/or rebuttal reviews What You Need for this Position VA LAPP/SAR or FHA DE required At least 7 years of frontline underwriting in either a retail or wholesale environment Appraisal Review And Tax Return Analysis Skills Required Experience with repurchase response and/or rebuttal review and response preparation Understanding of TRID, RESPA and Predatory Lending Strong analytical and decision making/problem solving skills Possess a keen eye for accuracy, attention to detail and ability to handle a high volume work load Proficient in computers including LOS systems (Openclose preferred) Ability to deliver effective results and to meet deadlines with minimal supervision Self-starter, adapt to a changing environment and have the ability to communicate and work well with Investors and co-workers What's In It for You Competitive base pay: $100-$130 DOE Per file bo",,,,aarp_us,us,2021-09-01T00:00:00-04:00,OTHER,Insurance,Analytics / Business Operations
30ff1809d0b0d6d47f7227bf20021945b,Flagstar Bank,"Loss Mitigation Closer I - Jacksonville, FL","Jacksonville, FL",https://jobs.aarp.org/job/loss-mitigation-closer-i-jacksonville-fl-jacksonville-fl-99e564a4e0dbea1a191786c88346c610b,"Position TitleLoss Mitigation Closer I - Jacksonville, FLLocationJacksonville, FLJob SummaryThe Loss Mitigation Closer is responsible for preparing documentation to complete the final steps in resolving the delinquency associated with a borrowers loss mitigation application. Further responsibilities include; monitoring the recordation of borrower executed documentation and providing direction to update our system of record in accordance with regulatory requirements, investor/insurer guidelines, and Flagstar Banks default servicing operations standards. All functions must be completed within the production and quality standards. Role requires utilization and understanding of multiple servicing systems, applications and reporting. Role requires accuracy and attention to detail, strong organization skills, independent problem solving ability and excellent communication skills.Job Responsibilities:Perform Loss Mitigation Closer I Role. Role requires the ability to perform multiple functions throughout the Loss Mitigation process under general supervision, including:Prepare and mail final loss mitigation documentationPerform quality control validation to ensure accuracyMonitor the recording process and submit appropriate documentation to investor/insurer, when applicableProvide detailed instruction to update our system of record based upon the outcome of the approved loss mitigation workout optionMaintains knowledge of regulatory requirements and investor/insurer guidelines that may impact default servicing operations.Understand key performance and risk indicators in the Loss Mitigation Process, and how individual role contributes to meeting or exceeding these goals;Maintain and practice sound judgment in all aspects of roleOther.Reinforces culture of shared ownership and accountability for results.Collaborating with other default servicing teams, and other internal teams, to assist in the continued development of a best in class default servicing oversight operation.Per",,,,aarp_us,us,2021-09-01T00:00:00-04:00,OTHER,Insurance,Platform Operations
84cc3a381bf14caf68d54496b18b9aeab,CyberCoders,100% Remote - DE/FHA Underwriter,"Philadelphia, PA",https://jobs.aarp.org/job/100-remote-de-fha-underwriter-philadelphia-pa-fc3015fdbbfb087fb4a437e3583c09f7b,"A Mortgage Underwriter will take responsibility for the daily underwriting processes for our Conventional, FHA and VA loans. Your attention to detail will have a direct impact on our customers' ability to secure a loan for their dream home. If you are a FHA Underwriter with experience, please read on! What You Will Be Doing Underwrite loans for compliance with investor and/or agency guidelines. Submit loans through an automated underwriting system for a decision. Approve or pend loans; present appropriate loans daily to loan committee. Assist branches with underwriting questions, scenarios and problems. Maintain 24 - 48 hour underwriting turnaround for new loans and re-submittals. Operation of office equipment and maintenance of loan filing system What You Need for this Position An approved FHA, DE (Direct Endorsed) Underwriter 2-3 years of experience as a mortgage underwriter Excellent customer service skills Attention to detail and accuracy Strong planning and organizational skills What's In It for You Competitive Compensation Home Purchase Discount Mortgage and Settlement Services Discounts Comprehensive Health, Life and Disability Insurance 401(k) (Full-time employees are eligible to contribute immediately) Employee Stock Ownership Program Vacation and Holidays In addition to the traditional benefits, we offer all our employees stock ownership through a profit sharing trust as part of our retirement savings package. We have had the highest Earnings Per Share growth rate in the industry for the past 10 years, so as we grow financially, so do you. So, if you are a FHA Underwriter with experience, please apply today! or email your resume to Email Your Resume In Word To Looking forward to receiving your resume through our website and going over the position with you. Clicking apply is the best way to apply, but you may also: Please do NOT change the email subject line in any way. You must keep the JobID: linkedin : JB24- -- in the email subject line for your applica",,,,aarp_us,us,2021-09-01T00:00:00-04:00,OTHER,Insurance,Platform Operations
7dbb8b90f4cea0ef3b54020a3a8ccb35b,Doma (fka States Title),Title Examiner - (Remote),"Charlotte, NC",https://jobs.aarp.org/job/title-examiner-remote-charlotte-nc-92cacc2ae9b1925f469dab5d65ce8ae5b,"Build the solution that transforms the real estate industry! Want to infuse a $25B sector of the insurance and real estate industry with predictive analytics and a tech-forward customer experience? Yearning for a startup culture within a profitable nationwide company? Join Doma and send an entirely new type of real estate model into the wild. About Us Doma and its family of brands - States Title, North American Title Company (NATC) and North American Title Insurance Company (NATIC) - offer solutions for lenders, real estate professionals, title agents, and homeowners that make closings vastly more simple and efficient, reducing cost and increasing customer satisfaction. Our Values Customer Obsessed We always put our customers first. Solution Driven We solve problems that other people are afraid to. People leaders We grow all of our people into leaders. One Team We believe inclusion and teamwork produce the best results. Direct with Respect We communicate with honesty and respect to our colleagues, customers, and partners. The Opportunity MUST POSSESS FLORIDA TITLE EXAMINATION AND SEARCH EXPERIENCE TO BE CONSIDERED. RESIDENTIAL AND COMMERCIAL EXPERIENCE PREFERRED. Acquires and reviews all relevant documents, maps title chains and related items affecting one or more parcels of land, based on results of this examination, prepares preliminary title status reports. Principal Duties And Responsibilities The following duties are typical of those performed by associates in this job title; however, assigned duties may vary and associates may perform other related duties, and not all duties listed are necessarily performed by each associate in the job title or at a particular location. Under General Supervision Prepares preliminary title status reports based on examination and research Examines deeds, grant deeds of trust, easements, codes, covenants and restrictions, deed assignments, re-conveyances, taxes, judgements, liens, assessor's parcel maps and other documents Review",,,,aarp_us,us,2021-09-01T00:00:00-04:00,OTHER,Insurance,Workflow / Support Operations
16e567ffa48604ddbc8496172cd8e679b,CyberCoders,REMOTE - Jumbo Mortgage Underwriter,"Tampa, FL",https://jobs.aarp.org/job/remote-jumbo-mortgage-underwriter-tampa-fl-d329f0b45c089cb021cb63a026b08620b,"We have a number of leading national Mortgage Lenders & Banks currently hiring for talented Sr. Jumbo Underwriters for immediate hire - These are 100% REMOTE positions where you will get the opportunity to work with a cohesive, talented team that is fun and fast-paced. Great comp plans are offered to include strong base salaries, benefits, PTO, paid training, matching 401K, and great bonus opportunities - Currently 14 spots open spread out between 5 different Lenders & Banks. Please read on and / or apply today via the link below if interested (or you can email your resume to me at ...@CyberCoders.com) Top Reasons to Work with Us 100% REMOTE opportunities Best in class compensation offered Strong benefits, PTO, paid training and 401K match Excellent growth opportunities offered for highly qualified and productive individuals What You Will Be Doing Essential Duties And Responsibilities Review asset documents and calculate assets Review employment details and calculate income Review credit report and validate liabilities and credit-worthiness Review the sales contract Review mortgage insurance Review appraisal and perform compliance checks Notate any required credit and/or closing conditions and subsequently review and sign off on them When the documents/information are received/reviewed, issue a final approval, Clear to Close or adverse action on a loan Update the LOS with all required/pertinent information Maintain a strong relationship with the processing team, our clients, and loan originators as you work together to evaluate a deal. What You Need for this Position 3-8+ yrs of Jumbo Underwriting experience 6-10+ years of experience in Underwriting Strong experience with manual underwriting $1 Million plus signing authority Strong experience working with complex loans in various states Sr. Jumbo Underwriters are encouraged to apply ASAP or you can send your resume to me directly at: ...@CyberCoders.com Email Your Resume In Word To Looking forward to receiving your ",,,,aarp_us,us,2021-09-01T00:00:00-04:00,OTHER,Insurance,Platform Operations
